22481,相原,あいはら,139.334805,35.603694
29398,青井,あおい,139.823611,35.769444
22482,青砥,あおと,139.859388,35.7425
29058,青海(東京都),あおみ,139.784722,35.621667
22483,青物横丁,あおものよこちょう,139.746194,35.606111
22484,青山一丁目,あおやまいっちょうめ,139.727222,35.669583
22485,赤坂(東京都),あかさか,139.739583,35.669
22486,赤坂見附,あかさかみつけ,139.740278,35.673777
29618,赤土小学校前,あかどしょうがっこうまえ,139.772222,35.739722
22487,赤羽,あかばね,139.724167,35.774444
22488,赤羽岩淵,あかばねいわぶち,139.725027,35.780278
29341,赤羽橋,あかばねばし,139.747222,35.651667
22489,秋川,あきがわ,139.289861,35.724833
22490,昭島,あきしま,139.364083,35.710333
22491,秋津,あきつ,139.5,35.775055
22492,秋葉原,あきはばら,139.776305,35.695305
22493,曙橋,あけぼのばし,139.725972,35.689167
22494,阿佐ケ谷,あさがや,139.639527,35.701667
22495,浅草,あさくさ,139.80086,35.707444
29397,浅草(ＴＸ),あさくさ,139.795833,35.711389
22496,浅草橋,あさくさばし,139.789194,35.694222
29325,麻布十番,あざぶじゅうばん,139.740278,35.652778
22497,飛鳥山,あすかやま,139.740611,35.746944
29620,足立小台,あだちおだい,139.773611,35.751389
22498,穴守稲荷,あなもりいなり,139.749972,35.547166
22499,綾瀬,あやせ,139.828389,35.758944
22500,新井薬師前,あらいやくしまえ,139.675111,35.712555
29329,荒川一中前,あらかわいっちゅうまえ,139.792139,35.730499
22501,荒川区役所前,あらかわくやくしょまえ,139.789666,35.731722
22502,荒川車庫前,あらかわしゃこまえ,139.755999,35.747666
22503,荒川七丁目,あらかわななちょうめ,139.787444,35.738722
22504,荒川二丁目,あらかわにちょうめ,139.787917,35.735472
22505,荒川遊園地前,あらかわゆうえんちまえ,139.761111,35.7475
29060,有明(東京都),ありあけ,139.796667,35.631111
29554,有明テニスの森,ありあけてにすのもり,139.792222,35.636667
22506,淡路町,あわじちょう,139.770777,35.692166
22507,飯田橋,いいだばし,139.748056,35.698889
22508,井荻,いおぎ,139.61786,35.721305
22509,軍畑,いくさばた,139.210833,35.804388
22510,池上,いけがみ,139.706471,35.568805
22511,池尻大橋,いけじりおおはし,139.687778,35.647416
22512,池ノ上,いけのうえ,139.676332,35.657222
22513,池袋,いけぶくろ,139.714361,35.726694
22514,石川台,いしかわだい,139.68875,35.593805
22515,石神前,いしがみまえ,139.228222,35.793528
29235,泉体育館,いずみたいいくかん,139.422778,35.715556
22516,和泉多摩川,いずみたまがわ,139.576833,35.624028
22517,板橋,いたばし,139.722694,35.742472
22518,板橋区役所前,いたばしくやくしょまえ,139.713472,35.748027
22519,板橋本町,いたばしほんちょう,139.708861,35.757833
22520,市ケ谷,いちがや,139.738805,35.687778
22521,一之江,いちのえ,139.886111,35.682778
22522,稲城,いなぎ,139.503389,35.632944
22523,稲城長沼,いなぎながぬま,139.505889,35.640999
22524,稲荷町(東京都),いなりちょう,139.785916,35.708111
22525,井の頭公園,いのかしらこうえん,139.585916,35.694277
22526,入谷(東京都),いりや,139.787778,35.717472
22527,岩本町,いわもとちょう,139.77825,35.692305
22528,上野,うえの,139.78,35.710333
29335,上野御徒町,うえのおかちまち,139.776944,35.704722
22529,上野広小路,うえのひろこうじ,139.77625,35.704416
22530,浮間舟渡,うきまふなど,139.694583,35.787999
22531,鶯谷,うぐいすだに,139.782305,35.717083
29334,牛込神楽坂,うしごめかぐらざか,139.739028,35.697639
29333,牛込柳町,うしごめやなぎちょう,139.728333,35.696277
22532,牛田(東京都),うしだ,139.8145,35.741166
22533,牛浜,うしはま,139.33661,35.731389
22534,内幸町,うちさいわいちょう,139.758777,35.6665
22535,鵜の木,うのき,139.684028,35.57211
22536,梅ケ丘,うめがおか,139.656833,35.652694
22537,梅島,うめじま,139.80086,35.769361
22538,梅屋敷(東京都),うめやしき,139.731389,35.563555
22542,永福町,えいふくちょう,139.64586,35.672999
22543,江古田,えこだ,139.676028,35.734333
22539,越中島,えっちゅうじま,139.795833,35.664722
22544,江戸川,えどがわ,139.899444,35.7345
22545,江戸川橋,えどがわばし,139.736777,35.70625
22546,荏原中延,えばらなかのぶ,139.715166,35.606694
22547,荏原町,えばらまち,139.711028,35.600527
22548,恵比寿,えびす,139.7125,35.643611
29621,扇大橋,おうぎおおはし,139.774028,35.760556
22549,王子,おうじ,139.741111,35.75
22550,王子駅前,おうじえきまえ,139.741332,35.749639
22551,王子神谷,おうじかみや,139.739028,35.761888
22552,青梅,おうめ,139.261555,35.787083
22553,青梅街道,おうめかいどう,139.479749,35.727388
22554,大井競馬場前,おおいけいばじょうまえ,139.750305,35.591806
22555,大泉学園,おおいずみがくえん,139.589749,35.746305
22556,大井町,おおいまち,139.737778,35.603889
22557,大岡山,おおおかやま,139.688832,35.604277
22558,大久保(東京都),おおくぼ,139.700583,35.6975
22559,大崎,おおさき,139.731389,35.616667
22560,大崎広小路,おおさきひろこうじ,139.725944,35.619444
22561,大島(東京都),おおじま,139.838889,35.686667
22562,大塚(東京都),おおつか,139.731332,35.728555
22563,大塚駅前,おおつかえきまえ,139.732555,35.728333
29296,大塚・帝京大学,おおつかていきょうだいがく,139.419722,35.633611
22564,大手町(東京都),おおてまち,139.7675,35.6825
22565,大鳥居,おおとりい,139.743194,35.549167
22566,大森(東京都),おおもり,139.731138,35.585139
22567,大森海岸,おおもりかいがん,139.738666,35.584444
22568,大森町,おおもりまち,139.735305,35.569333
22569,大山(東京都),おおやま,139.705889,35.745221
22570,御徒町,おかちまち,139.778056,35.704167
22571,小川(東京都),おがわ,139.466749,35.734277
22572,小川町(東京都),おがわまち,139.769861,35.691806
22573,荻窪,おぎくぼ,139.623166,35.701389
22574,尾久,おく,139.75786,35.743555
22575,奥沢,おくさわ,139.675166,35.600611
22576,奥多摩,おくたま,139.099861,35.805972
22577,小作,おざく,139.305111,35.773083
22578,押上,おしあげ,139.816528,35.707388
22579,小台,おだい,139.76525,35.747305
29054,お台場海浜公園,おだいばかいひんこうえん,139.781944,35.626667
22580,小田急多摩センター,おだきゅうたませんたー,139.427778,35.621833
22581,小田急永山,おだきゅうながやま,139.451416,35.626583
22583,落合(東京都),おちあい,139.68875,35.707305
29215,落合南長崎,おちあいみなみながさき,139.686667,35.720166
22582,御茶ノ水,おちゃのみず,139.767,35.69661
22584,御成門,おなりもん,139.75461,35.657778
22585,お花茶屋,おはなぢゃや,139.843444,35.744361
22586,小村井,おむらい,139.83125,35.706888
22587,面影橋,おもかげばし,139.7175,35.709722
22588,表参道,おもてさんどう,139.715694,35.661861
22589,尾山台,おやまだい,139.657278,35.603638
22590,御嶽山,おんたけさん,139.685611,35.582027
22591,神楽坂,かぐらざか,139.737527,35.700666
22592,葛西,かさい,139.875972,35.66036
22593,葛西臨海公園,かさいりんかいこうえん,139.864833,35.641166
22594,梶原,かじわら,139.751083,35.74786
22595,春日(東京都),かすが,139.756389,35.705556
22596,霞ケ関(東京都),かすみがせき,139.754249,35.670583
22597,片倉,かたくら,139.34461,35.636471
29339,勝どき,かちどき,139.780833,35.656111
22598,金町(東京都),かなまち,139.873499,35.766305
22599,要町,かなめちょう,139.701916,35.73
22600,鐘ケ淵,かねがふち,139.823222,35.730194
22601,河辺,かべ,139.287972,35.781332
22602,蒲田,かまた,139.71875,35.558916
22603,上井草,かみいぐさ,139.606777,35.721888
22604,上板橋,かみいたばし,139.679639,35.760278
22605,上北沢,かみきたざわ,139.626694,35.665611
29232,上北台,かみきただい,139.419028,35.7425
22606,上石神井,かみしゃくじい,139.595278,35.722999
22607,上中里,かみなかざと,139.750166,35.74336
22608,上野毛,かみのげ,139.642055,35.608777
22609,上町,かみまち,139.649833,35.640166
22610,神谷町,かみやちょう,139.748277,35.659749
22611,亀有,かめあり,139.850694,35.763333
22612,亀戸,かめいど,139.829306,35.694361
22613,亀戸水神,かめいどすいじん,139.836916,35.697055
22614,茅場町,かやばちょう,139.783277,35.676694
22615,唐木田,からきだ,139.414306,35.612611
22616,川井,かわい,139.167194,35.810622
22617,神田(東京都),かんだ,139.774167,35.689722
22618,外苑前,がいえんまえ,139.72086,35.667083
22619,学芸大学,がくげいだいがく,139.688499,35.625611
22620,学習院下,がくしゅういんした,139.715694,35.712999
22624,菊川(東京都),きくかわ,139.809306,35.685111
22625,鬼子母神前,きしぼじんまえ,139.718056,35.716944
22626,北赤羽,きたあかばね,139.709416,35.783472
22627,北綾瀬,きたあやせ,139.835305,35.77375
22628,北池袋,きたいけぶくろ,139.719972,35.738056
29637,北参道,きたさんどう,139.708611,35.675278
22629,北品川,きたしながわ,139.742582,35.619249
22630,北千住,きたせんじゅ,139.808333,35.746389
22631,北千束,きたせんぞく,139.696416,35.603083
22633,北野(東京都),きたの,139.357833,35.641194
22634,北八王子,きたはちおうじ,139.366583,35.666111
22635,北府中,きたふちゅう,139.475,35.677555
22636,喜多見,きたみ,139.590305,35.633444
22637,吉祥寺,きちじょうじ,139.583056,35.699722
22638,木場(東京都),きば,139.809972,35.666138
22621,競艇場前,きょうていじょうまえ,139.502778,35.652944
22622,経堂,きょうどう,139.639639,35.648083
22623,京橋(東京都),きょうばし,139.773333,35.673583
29338,清澄白河,きよすみしらかわ,139.801944,35.678889
22639,清瀬,きよせ,139.523111,35.768889
29736,清滝,きよたき,139.27,35.62786
22640,錦糸町,きんしちょう,139.817166,35.693194
22641,銀座,ぎんざ,139.767249,35.668722
22642,銀座一丁目,ぎんざいっちょうめ,139.769888,35.671332
22643,久が原,くがはら,139.688555,35.576583
22644,久我山,くがやま,139.602917,35.684555
22645,九段下,くだんした,139.754694,35.692249
22646,国立,くにたち,139.449583,35.695916
22647,九品仏,くほんぶつ,139.664222,35.602166
22648,熊川,くまがわ,139.338583,35.725221
22649,熊野前,くまのまえ,139.772833,35.745916
29619,熊野前(舎人ライナー),くまのまえ,139.773056,35.745278
22650,久米川,くめがわ,139.475194,35.746806
22651,蔵前,くらまえ,139.795278,35.70125
22653,京王片倉,けいおうかたくら,139.340527,35.641138
22654,京王多摩川,けいおうたまがわ,139.54025,35.641555
22655,京王多摩センター,けいおうたませんたー,139.4275,35.621944
22656,京王永山,けいおうながやま,139.451444,35.627083
22657,京王八王子,けいおうはちおうじ,139.346111,35.655
22658,京王堀之内,けいおうほりのうち,139.403499,35.621222
22659,京王よみうりランド,けいおうよみうりらんど,139.519972,35.629639
22660,京急蒲田,けいきゅうかまた,139.726972,35.557555
22661,京成上野,けいせいうえの,139.776638,35.707972
22662,京成金町,けいせいかなまち,139.873722,35.76525
22663,京成小岩,けいせいこいわ,139.88711,35.738832
22664,京成関屋,けいせいせきや,139.814778,35.740777
22665,京成高砂,けいせいたかさご,139.870166,35.747721
22666,京成立石,けいせいたていし,139.851833,35.735055
22667,京成曳舟,けいせいひきふね,139.82286,35.714805
22669,恋ケ窪,こいがくぼ,139.467361,35.707721
22670,小岩,こいわ,139.884916,35.729722
22671,高円寺,こうえんじ,139.653027,35.70211
29300,甲州街道,こうしゅうかいどう,139.4125,35.675
22672,庚申塚,こうしんづか,139.732917,35.736277
22673,麹町,こうじまち,139.740417,35.681972
22674,糀谷,こうじや,139.732611,35.5515
29623,江北,こうほく,139.773528,35.770722
29622,高野(東京都),こうや,139.773889,35.765278
22675,後楽園,こうらくえん,139.755,35.704167
29072,国際展示場,こくさいてんじじょう,139.795499,35.631833
22676,国分寺,こくぶんじ,139.483444,35.697027
29321,国立競技場,こくりつきょうぎじょう,139.717361,35.676833
22677,国領,こくりょう,139.561806,35.647027
22678,小菅,こすげ,139.816083,35.755722
22679,小竹向原,こたけむかいはら,139.682694,35.740111
22680,小平,こだいら,139.491389,35.733889
22668,国会議事堂前,こっかいぎじどうまえ,139.748389,35.670722
22681,小伝馬町,こでんまちょう,139.781749,35.6875
22682,狛江,こまえ,139.580611,35.628916
22683,駒込,こまごめ,139.750082,35.73325
22684,駒沢大学,こまざわだいがく,139.665,35.630278
22685,駒場東大前,こまばとうだいまえ,139.687694,35.655417
22686,小宮,こみや,139.371972,35.682249
22687,古里(東京都),こり,139.155278,35.813056
22688,是政,これまさ,139.491972,35.653083
22689,豪徳寺,ごうとくじ,139.650722,35.650444
22690,護国寺,ごこくじ,139.73075,35.715777
22691,五反田,ごたんだ,139.727,35.622805
22692,五反野,ごたんの,139.812527,35.76286
22693,栄町(東京都),さかえちょう,139.745527,35.747694
22694,鷺ノ宮,さぎのみや,139.642139,35.719388
29233,桜街道,さくらかいどう,139.419861,35.735556
22695,桜新町,さくらしんまち,139.648416,35.628444
22696,桜上水,さくらじょうすい,139.635111,35.664333
22697,桜台(東京都),さくらだい,139.665583,35.735472
22698,桜田門,さくらだもん,139.755305,35.674194
22699,笹塚,ささづか,139.670527,35.670444
22700,鮫洲,さめず,139.74575,35.601888
22701,沢井,さわい,139.197222,35.802582
22702,参宮橋,さんぐうばし,139.696777,35.675472
22703,三軒茶屋,さんげんぢゃや,139.674222,35.640278
22707,椎名町,しいなまち,139.698222,35.723222
29438,汐留,しおどめ,139.763333,35.659722
22708,潮見,しおみ,139.820583,35.655472
29555,市場前,しじょうまえ,139.788889,35.6425
22709,品川,しながわ,139.741944,35.625278
29439,品川シーサイド,しながわしーさいど,139.753056,35.606389
22710,信濃町,しなのまち,139.723444,35.676861
22711,篠崎,しのざき,139.906972,35.70286
29071,東雲(東京都),しののめ,139.806833,35.637416
29053,芝浦ふ頭,しばうらふとう,139.761055,35.639083
22712,芝公園,しばこうえん,139.752944,35.650221
22713,柴崎,しばさき,139.570027,35.650944
29301,柴崎体育館,しばさきたいいくかん,139.4125,35.686583
22714,柴又,しばまた,139.878722,35.753444
22715,渋谷,しぶや,139.705,35.655278
22716,志村坂上,しむらさかうえ,139.698638,35.772527
22717,志村三丁目,しむらさんちょうめ,139.689472,35.774306
22718,志茂,しも,139.735805,35.774694
22719,下赤塚,しもあかつか,139.647778,35.767305
22720,下井草,しもいぐさ,139.627527,35.720722
22721,下板橋,しもいたばし,139.718083,35.742444
22722,下落合,しもおちあい,139.69836,35.712611
22723,下北沢,しもきたざわ,139.670694,35.658083
22724,下神明,しもしんめい,139.729527,35.605583
22725,下高井戸,しもたかいど,139.644583,35.662917
22726,下丸子,しもまるこ,139.688971,35.567917
22704,石神井公園,しゃくじいこうえん,139.609306,35.740527
22705,松陰神社前,しょういんじんじゃまえ,139.658472,35.64075
22706,昭和島,しょうわじま,139.75336,35.567999
22632,白糸台,しらいとだい,139.513056,35.66325
29326,白金高輪,しろかねたかなわ,139.737333,35.639666
29327,白金台,しろかねだい,139.729444,35.634722
22727,白丸(東京都),しろまる,139.117944,35.808611
22728,新秋津,しんあきつ,139.496583,35.774639
22729,新板橋,しんいたばし,139.722694,35.745583
29216,新江古田,しんえごた,139.673861,35.729306
22730,新大久保,しんおおくぼ,139.703416,35.697805
22731,新大塚,しんおおつか,139.733166,35.722555
29336,新御徒町,しんおかちまち,139.786389,35.703611
22732,新御茶ノ水,しんおちゃのみず,139.768611,35.693666
22733,新木場,しんきば,139.830638,35.642917
22734,新小岩,しんこいわ,139.8615,35.713555
22735,新高円寺,しんこうえんじ,139.651528,35.694583
22736,新庚申塚,しんこうしんづか,139.733889,35.738333
22737,新小金井,しんこがねい,139.529472,35.692472
22738,新小平,しんこだいら,139.473694,35.727582
22739,新桜台,しんさくらだい,139.672222,35.738111
22740,新柴又,しんしばまた,139.882527,35.747721
22741,新宿,しんじゅく,139.703056,35.6875
29342,新宿(東京メトロ),しんじゅく,139.704167,35.689083
22742,新宿御苑前,しんじゅくぎょえんまえ,139.713944,35.68536
22743,新宿三丁目,しんじゅくさんちょうめ,139.70825,35.687555
29330,新宿西口,しんじゅくにしぐち,139.702472,35.689555
22744,新整備場,しんせいびじょう,139.790527,35.539555
22745,神泉,しんせん,139.696861,35.654
22746,新高島平,しんたかしまだいら,139.657472,35.787027
22747,新代田,しんだいた,139.663722,35.659361
22748,新富町(東京都),しんとみちょう,139.776694,35.667361
29556,新豊洲,しんとよす,139.793333,35.645556
22749,新中野,しんなかの,139.672222,35.694249
22750,新日本橋,しんにほんばし,139.777222,35.685694
22751,新橋,しんばし,139.761389,35.663333
22752,新馬場,しんばんば,139.744583,35.614361
22753,新三河島,しんみかわしま,139.777249,35.734
22755,自由が丘,じゆうがおか,139.672278,35.604333
22754,十条(東京都),じゅうじょう,139.725388,35.757333
22756,神保町,じんぼうちょう,139.761277,35.692721
22757,水天宮前,すいてんぐうまえ,139.788694,35.6795
22758,水道橋,すいどうばし,139.757721,35.698832
22759,末広町(東京都),すえひろちょう,139.774916,35.699694
22760,巣鴨,すがも,139.742555,35.73025
22761,巣鴨新田,すがもしんでん,139.731028,35.732249
22762,すずかけ台,すずかけだい,139.484666,35.513694
29234,砂川七番,すながわななばん,139.421361,35.72
22763,住吉(東京都),すみよし,139.818944,35.685777
22764,成城学園前,せいじょうがくえんまえ,139.602139,35.636944
22765,聖蹟桜ケ丘,せいせきさくらがおか,139.450221,35.647527
22766,整備場,せいびじょう,139.756583,35.551861
22767,西武園,せいぶえん,139.451888,35.764833
22768,西武新宿,せいぶしんじゅく,139.703222,35.69211
22769,西武立川,せいぶたちかわ,139.373694,35.723056
22770,西武柳沢,せいぶやぎさわ,139.555805,35.725417
22772,世田谷,せたがや,139.653832,35.640194
22773,世田谷代田,せたがやだいた,139.664444,35.654944
22774,千川,せんかわ,139.692361,35.735194
22775,泉岳寺,せんがくじ,139.743222,35.635444
22776,仙川,せんがわ,139.588111,35.659083
22777,千石,せんごく,139.747917,35.724778
22778,千住大橋,せんじゅおおはし,139.799888,35.739167
22779,洗足,せんぞく,139.697582,35.607194
22780,洗足池,せんぞくいけ,139.69461,35.596694
22781,千駄ケ谷,せんだがや,139.714694,35.677972
22782,千駄木,せんだぎ,139.766471,35.722444
22783,祖師ケ谷大蔵,そしがやおおくら,139.6125,35.639972
29635,雑司が谷,ぞうしがや,139.71786,35.716749
22785,雑色,ぞうしき,139.718166,35.546444
22786,高井戸,たかいど,139.618222,35.680082
22787,高尾(東京都),たかお,139.284944,35.638971
29737,高尾山,たかおさん,139.259249,35.62786
22788,高尾山口,たかおさんぐち,139.273111,35.629
22789,高島平,たかしまだいら,139.664527,35.785611
22790,高田馬場,たかだのばば,139.7075,35.710111
29818,高輪ゲートウェイ,たかなわげーとうぇい,139.743944,35.632083
22791,高輪台,たかなわだい,139.73375,35.628611
22792,鷹の台,たかのだい,139.464249,35.720194
22793,高幡不動,たかはたふどう,139.4175,35.658611
29237,高松(東京都),たかまつ,139.416389,35.706667
22794,宝町(東京都),たからちょう,139.775027,35.672139
22795,滝野川一丁目,たきのがわいっちょうめ,139.738611,35.744083
29051,竹芝,たけしば,139.765111,35.650944
22796,竹ノ塚,たけのつか,139.794028,35.791277
22797,竹橋,たけばし,139.760666,35.687222
22798,立会川,たちあいがわ,139.742,35.595139
22799,立川,たちかわ,139.41711,35.694805
29238,立川北,たちかわきた,139.415694,35.69625
29302,立川南,たちかわみなみ,139.415833,35.693056
29236,立飛,たちひ,139.420278,35.711111
22800,辰巳,たつみ,139.81375,35.642361
22801,田無,たなし,139.542444,35.724138
22802,田端,たばた,139.763944,35.734888
22809,多磨,たま,139.520388,35.674028
22803,多摩川,たまがわ,139.672055,35.586528
22804,玉川学園前,たまがわがくえんまえ,139.466528,35.560082
22805,玉川上水,たまがわじょうすい,139.421444,35.728722
22771,多摩湖,たまこ,139.445833,35.76275
22806,多摩境,たまさかい,139.370139,35.598611
29294,多摩センター,たませんたー,139.426111,35.620556
22807,田町(東京都),たまち,139.75075,35.6425
22808,多摩動物公園,たまどうぶつこうえん,139.407694,35.645833
22810,多磨霊園,たまれいえん,139.506305,35.66286
29194,溜池山王,ためいけさんのう,139.744444,35.668611
22811,田原町(東京都),たわらまち,139.793944,35.706638
22812,代官山,だいかんやま,139.706389,35.644861
22813,大師前,だいしまえ,139.784722,35.775638
22814,代田橋,だいたばし,139.662027,35.667721
29055,台場,だいば,139.774722,35.622778
22815,大門(東京都),だいもん,139.757833,35.653416
22540,地下鉄赤塚,ちかてつあかつか,139.647388,35.766694
22541,地下鉄成増,ちかてつなります,139.634749,35.773333
22817,千歳烏山,ちとせからすやま,139.604333,35.664972
22818,千歳船橋,ちとせふなばし,139.627278,35.64411
22819,千鳥町,ちどりちょう,139.694722,35.569722
29297,中央大学・明星大学,ちゅうおうだいがくめいせいだいがく,139.411389,35.638889
22816,調布,ちょうふ,139.547611,35.648638
22820,月島,つきしま,139.787778,35.66125
22821,築地,つきじ,139.775583,35.664666
29340,築地市場,つきじしじょう,139.77,35.661667
22822,つくし野,つくしの,139.488305,35.524361
22823,つつじケ丘,つつじがおか,139.578416,35.654888
22824,鶴川,つるかわ,139.48411,35.579888
29057,テレコムセンター,てれこむせんたー,139.782778,35.614444
22910,天空橋,てんくうばし,139.757249,35.545472
22825,天王洲アイル,てんのうずあいる,139.754167,35.618611
22826,田園調布,でんえんちょうふ,139.670527,35.593638
22828,東京,とうきょう,139.770444,35.678083
29056,東京国際クルーズターミナル,とうきょうこくさいくるーずたーみなる,139.776416,35.618083
22859,とうきょうスカイツリー,とうきょうすかいつりー,139.812278,35.70711
29073,東京テレポート,とうきょうてれぽーと,139.781332,35.624194
29059,東京ビッグサイト,とうきょうびっぐさいと,139.794722,35.626944
29075,東大前,とうだいまえ,139.761277,35.714388
22829,東武練馬,とうぶねりま,139.665082,35.765388
22830,東陽町,とうようちょう,139.820944,35.666389
22831,ときわ台(東京都),ときわだい,139.692888,35.755444
22832,戸越,とごし,139.719639,35.611416
22833,戸越銀座,とごしぎんざ,139.718166,35.61275
22834,戸越公園,とごしこうえん,139.721277,35.605556
22835,豊島園(西武線),としまえん,139.651138,35.738722
22836,豊島園(都営線),としまえん,139.652305,35.738916
29213,都庁前,とちょうまえ,139.695972,35.687361
22784,都電雑司ケ谷,とでんぞうしがや,139.721222,35.721028
22837,等々力,とどろき,139.650694,35.605221
29627,舎人,とねり,139.773333,35.8025
29626,舎人公園,とねりこうえん,139.773389,35.793166
22838,飛田給,とびたきゅう,139.5265,35.656972
22839,豊洲,とよす,139.799639,35.651471
22840,豊田,とよだ,139.384666,35.656277
22841,虎ノ門,とらのもん,139.753056,35.666972
29819,虎ノ門ヒルズ,とらのもんひるず,139.750999,35.664194
22842,都立家政,とりつかせい,139.647805,35.71911
22843,都立大学,とりつだいがく,139.679666,35.614583
22844,中井,なかい,139.690027,35.711806
22845,中板橋,なかいたばし,139.697917,35.752917
22846,仲御徒町,なかおかちまち,139.779333,35.703416
22847,中神,なかがみ,139.379,35.705833
22848,中河原,なかがわら,139.46075,35.656305
22849,中野(東京都),なかの,139.669167,35.702582
22850,中野坂上,なかのさかうえ,139.685833,35.693889
22851,中野新橋,なかのしんばし,139.677222,35.689028
22852,中野富士見町,なかのふじみちょう,139.670139,35.687278
22853,中延,なかのぶ,139.715916,35.602472
22854,中村橋,なかむらばし,139.640999,35.733583
22855,中目黒,なかめぐろ,139.702083,35.641055
22856,永田町,ながたちょう,139.742278,35.675194
22857,長沼(東京都),ながぬま,139.369388,35.639583
22858,長原(東京都),ながはら,139.700999,35.599028
22860,成増,なります,139.636138,35.774361
22861,成瀬,なるせ,139.475972,35.53211
22863,西新井,にしあらい,139.793666,35.774
29624,西新井大師西,にしあらいだいしにし,139.773333,35.778333
22864,西永福,にしえいふく,139.638583,35.675556
22865,西大井,にしおおい,139.725027,35.598555
22866,西大島,にしおおじま,139.8295,35.686083
22867,西荻窪,にしおぎくぼ,139.602833,35.700556
22868,西葛西,にしかさい,139.862582,35.661332
22869,西ケ原,にしがはら,139.745556,35.742666
22870,西ケ原四丁目,にしがはらよんちょうめ,139.736166,35.741332
22871,西国立,にしくにたち,139.427416,35.69025
22872,西国分寺,にしこくぶんじ,139.468889,35.696555
22873,西小山,にしこやま,139.702083,35.612444
29085,西新宿,にししんじゅく,139.695777,35.691222
29214,西新宿五丁目,にししんじゅくごちょうめ,139.687694,35.68661
22874,西巣鴨,にしすがも,139.732027,35.740194
22875,西太子堂,にしたいしどう,139.669444,35.641416
22876,西高島平,にしたかしまだいら,139.649055,35.788666
22877,西立川,にしたちかわ,139.396861,35.70036
22878,西台,にしだい,139.677194,35.783722
22879,西調布,にしちょうふ,139.533277,35.653832
22880,西日暮里,にしにっぽり,139.77,35.728889
29617,西日暮里(舎人ライナー),にしにっぽり,139.771389,35.730556
22881,西八王子,にしはちおうじ,139.315611,35.653277
29639,西府,にしふ,139.460556,35.667778
22882,西馬込,にしまごめ,139.709249,35.58375
29636,西早稲田,にしわせだ,139.712222,35.704167
22883,二重橋前,にじゅうばしまえ,139.764833,35.677194
22862,日暮里,にっぽり,139.773916,35.724861
29616,日暮里(舎人ライナー),にっぽり,139.774444,35.725556
22884,日本橋(東京都),にほんばし,139.777888,35.678916
22885,人形町,にんぎょうちょう,139.785444,35.683138
22886,沼袋,ぬまぶくろ,139.667055,35.716222
22887,沼部,ぬまべ,139.676305,35.579555
22888,根津,ねづ,139.768861,35.714194
22889,練馬,ねりま,139.657694,35.734639
22890,練馬春日町,ねりまかすがちょう,139.643444,35.748138
22891,練馬高野台,ねりまたかのだい,139.620139,35.737361
22892,野方,のがた,139.65625,35.7165
22893,乃木坂,のぎざか,139.729444,35.663333
22895,拝島,はいじま,139.346833,35.717917
22896,萩山,はぎやま,139.480638,35.737194
22897,白山(東京都),はくさん,139.755305,35.718138
22899,箱根ケ崎,はこねがさき,139.349888,35.768166
22900,狭間,はざま,139.2965,35.637333
22901,蓮沼,はすぬま,139.711667,35.561111
22902,蓮根,はすね,139.682222,35.780833
22903,幡ケ谷,はたがや,139.679722,35.673889
22904,旗の台,はたのだい,139.705722,35.601583
22905,八王子,はちおうじ,139.342139,35.652416
29177,八王子みなみ野,はちおうじみなみの,139.334138,35.628138
22906,八幡山,はちまんやま,139.618944,35.666667
22907,初台,はつだい,139.689722,35.678056
22894,八丁堀(東京都),はっちょうぼり,139.780916,35.671361
22908,鳩ノ巣,はとのす,139.131916,35.811722
22909,花小金井,はなこがねい,139.516416,35.722888
29509,羽田空港第１ターミナル(東京モノレール・ＪＡＬ利用),はねだくうこうだいいちたーみなる,139.788056,35.545833
22911,羽田空港第１・第２ターミナル(京急),はねだくうこうだいいちだいにたーみなる,139.789444,35.546667
29671,羽田空港第３ターミナル(東京モノレール),はねだくうこうだいさんたーみなる,139.771389,35.541111
29672,羽田空港第３ターミナル(京急),はねだくうこうだいさんたーみなる,139.771111,35.541667
29510,羽田空港第２ターミナル(東京モノレール・ＡＮＡ利用),はねだくうこうだいにたーみなる,139.791389,35.5475
22912,浜田山,はまだやま,139.630722,35.678389
22913,浜町,はまちょう,139.791028,35.685333
22914,浜松町,はままつちょう,139.760278,35.652222
22915,羽村,はむら,139.31911,35.755221
22916,原宿,はらじゅく,139.706111,35.668056
22917,半蔵門,はんぞうもん,139.744833,35.682055
22918,馬喰町,ばくろちょう,139.785694,35.690166
22919,馬喰横山,ばくろよこやま,139.785944,35.688832
22920,光が丘,ひかりがおか,139.631667,35.755278
22921,氷川台,ひかわだい,139.668666,35.746416
22922,東秋留,ひがしあきる,139.314083,35.722694
22923,東あずま,ひがしあずま,139.835139,35.703832
22924,東池袋,ひがしいけぶくろ,139.722027,35.722917
22925,東池袋四丁目,ひがしいけぶくろよんちょうめ,139.723583,35.722139
22926,東青梅,ひがしおうめ,139.275499,35.786694
22927,東大島,ひがしおおじま,139.850527,35.686694
22928,東尾久三丁目,ひがしおぐさんちょうめ,139.777305,35.742305
22929,東北沢,ひがしきたざわ,139.676194,35.662278
22930,東銀座,ひがしぎんざ,139.770278,35.666389
22931,東久留米,ひがしくるめ,139.537139,35.757083
22932,東高円寺,ひがしこうえんじ,139.661222,35.694749
22933,東小金井,ひがしこがねい,139.526944,35.698333
29331,東新宿,ひがししんじゅく,139.710833,35.695556
22934,東十条,ひがしじゅうじょう,139.730916,35.759722
22935,東中神,ひがしなかがみ,139.387666,35.703138
22936,東中野,ひがしなかの,139.686806,35.703056
22937,東長崎,ひがしながさき,139.686222,35.726972
22938,東日本橋,ひがしにほんばし,139.788056,35.688944
22940,東伏見,ひがしふしみ,139.567416,35.725444
22941,東府中,ひがしふちゅう,139.498416,35.665805
22939,東福生,ひがしふっさ,139.339138,35.742555
22942,東松原,ひがしまつばら,139.658861,35.659416
22943,東向島,ひがしむこうじま,139.822639,35.721806
22944,東村山,ひがしむらやま,139.469028,35.757278
22945,東大和市,ひがしやまとし,139.437694,35.729722
22946,曳舟,ひきふね,139.819916,35.715139
22947,一橋学園,ひとつばしがくえん,139.483277,35.719028
22948,日向和田,ひなたわだ,139.233194,35.784722
22949,日野(東京都),ひの,139.397166,35.676028
29052,日の出(東京都),ひので,139.762222,35.645833
22950,ひばりケ丘(東京都),ひばりがおか,139.548722,35.74836
22951,日比谷,ひびや,139.763056,35.671944
22952,平井(東京都),ひらい,139.845972,35.703222
22953,平山城址公園,ひらやまじょうしこうえん,139.383528,35.644306
22954,広尾,ひろお,139.725472,35.649
22956,富士見ケ丘,ふじみがおか,139.610278,35.68161
22957,富士見台,ふじみだい,139.633194,35.732694
22958,二子玉川,ふたこたまがわ,139.630472,35.608777
22959,二俣尾,ふたまたお,139.218805,35.80125
22960,布田,ふだ,139.555055,35.646638
22961,府中(東京都),ふちゅう,139.483638,35.669
22962,府中競馬正門前,ふちゅうけいばせいもんまえ,139.488333,35.665111
22963,府中本町,ふちゅうほんまち,139.480388,35.662972
22955,福生,ふっさ,139.331138,35.739138
22964,不動前,ふどうまえ,139.716638,35.622444
22965,船堀,ふなぼり,139.867527,35.680583
22966,分倍河原,ぶばいがわら,139.471916,35.665333
22967,平和島,へいわじま,139.738166,35.575556
22968,平和台(東京都),へいわだい,139.657139,35.754555
22969,方南町,ほうなんちょう,139.660694,35.680221
22970,保谷,ほうや,139.57075,35.745111
29298,程久保,ほどくぼ,139.414167,35.652222
22971,堀切,ほりきり,139.820972,35.739722
22972,堀切菖蒲園,ほりきりしょうぶえん,139.83075,35.744416
29074,本駒込,ほんこまごめ,139.756972,35.721305
22973,本郷三丁目,ほんごうさんちょうめ,139.763194,35.703889
22974,本所吾妻橋,ほんじょあづまばし,139.807527,35.705278
22975,馬込,まごめ,139.714972,35.59325
22976,町田,まちだ,139.448333,35.539167
22977,町屋(京成線),まちや,139.784666,35.739028
22978,町屋(東京メトロ),まちや,139.783111,35.738583
22979,町屋駅前,まちやえきまえ,139.78411,35.739555
22980,町屋二丁目,まちやにちょうめ,139.78,35.740556
29295,松が谷,まつがや,139.425278,35.628611
22981,松原(東京都),まつばら,139.645221,35.656806
29299,万願寺,まんがんじ,139.423333,35.667778
22983,三河島,みかわしま,139.780889,35.730082
22984,瑞江,みずえ,139.900944,35.690027
22985,三田(東京都),みた,139.751667,35.644444
22986,三鷹,みたか,139.563889,35.699444
22987,三鷹台,みたかだい,139.59211,35.689
22988,御嶽,みたけ,139.186083,35.798222
22989,三越前,みつこしまえ,139.776667,35.682222
22990,緑が丘(東京都),みどりがおか,139.682361,35.603222
22991,南阿佐ケ谷,みなみあさがや,139.638805,35.696222
22992,南大沢,みなみおおさわ,139.38325,35.610889
22993,南新宿,みなみしんじゅく,139.701749,35.680221
22994,南砂町,みなみすなまち,139.833889,35.665556
22995,南千住,みなみせんじゅ,139.802222,35.729722
22996,南多摩,みなみたま,139.493083,35.646055
22997,南平,みなみだいら,139.395194,35.651332
22998,南町田グランベリーパーク,みなみまちだぐらんべりーぱーく,139.473944,35.508138
29628,見沼代親水公園,みぬまだいしんすいこうえん,139.773944,35.811305
22999,三ノ輪,みのわ,139.794444,35.726138
23000,三ノ輪橋,みのわばし,139.794805,35.728916
23001,宮の坂,みやのさか,139.648166,35.644583
23002,宮ノ平,みやのひら,139.240055,35.784138
23003,宮ノ前,みやのまえ,139.768472,35.746833
22982,茗荷谷,みょうがだに,139.739944,35.714083
23004,向原(東京都),むこうはら,139.728333,35.725833
23005,武蔵五日市,むさしいつかいち,139.23125,35.729028
23006,武蔵小金井,むさしこがねい,139.509527,35.697888
23007,武蔵小山,むさしこやま,139.707611,35.617166
23008,武蔵境,むさしさかい,139.547139,35.698777
23009,武蔵砂川,むさしすながわ,139.395417,35.725805
23010,武蔵関,むさしせき,139.580082,35.724306
23011,武蔵新田,むさしにった,139.69536,35.564722
23012,武蔵野台,むさしのだい,139.514306,35.660972
23013,武蔵引田,むさしひきだ,139.273416,35.726555
23014,武蔵増戸,むさしますこ,139.259083,35.727639
23015,武蔵大和,むさしやまと,139.447361,35.752972
23016,明治神宮前,めいじじんぐうまえ,139.708333,35.665278
23017,明大前,めいだいまえ,139.653611,35.665139
23018,目黒,めぐろ,139.718889,35.630278
23019,目白,めじろ,139.709805,35.717972
23020,めじろ台,めじろだい,139.310889,35.640139
23021,百草園,もぐさえん,139.434028,35.654277
23022,本蓮沼,もとはすぬま,139.705417,35.765583
23023,森下(東京都),もりした,139.801361,35.684749
23024,門前仲町,もんぜんなかちょう,139.798333,35.669167
23025,矢川,やがわ,139.435139,35.681749
23027,矢口渡,やぐちのわたし,139.703138,35.559361
23028,八坂,やさか,139.470638,35.741916
29625,谷在家,やざいけ,139.773333,35.785556
23029,矢野口,やのくち,139.523638,35.638444
23030,八広,やひろ,139.8315,35.724
23031,谷保,やほ,139.449916,35.678194
23032,山下(東京都),やました,139.649778,35.650666
23033,山田(東京都),やまだ,139.324306,35.641111
23035,祐天寺,ゆうてんじ,139.694249,35.634388
23036,有楽町,ゆうらくちょう,139.766555,35.671833
23037,雪が谷大塚,ゆきがやおおつか,139.684194,35.58875
23038,湯島,ゆしま,139.773111,35.703638
23039,用賀,ようが,139.637222,35.623277
23040,四ツ木,よつぎ,139.838194,35.728666
23041,四ツ谷,よつや,139.733861,35.682778
23042,四谷三丁目,よつやさんちょうめ,139.723638,35.684722
23043,代々木,よよぎ,139.70525,35.679833
23044,代々木上原,よよぎうえはら,139.682888,35.665833
23045,代々木公園,よよぎこうえん,139.693056,35.665833
23046,代々木八幡,よよぎはちまん,139.691806,35.66625
23047,流通センター,りゅうつうせんたー,139.752027,35.578694
23048,両国,りょうごく,139.79575,35.692888
29337,両国(都営線),りょうごく,139.800694,35.693611
23050,芦花公園,ろかこうえん,139.611944,35.667361
23051,六郷土手,ろくごうどて,139.710999,35.537444
29399,六町,ろくちょう,139.825,35.781389
23049,六本木,ろっぽんぎ,139.735333,35.660082
29324,六本木一丁目,ろっぽんぎいっちょうめ,139.742222,35.661944
23052,若林(東京都),わかばやし,139.663111,35.64275
29332,若松河田,わかまつかわだ,139.721111,35.695833
23054,早稲田(都電荒川線),わせだ,139.722166,35.708611
23053,早稲田(東京メトロ),わせだ,139.724388,35.702611
