station_name,lat,lon,station_cd,yomi,pref_cd
東京,35.681391,139.766103,1130101,とうきょう,13
新宿,35.689729,139.700464,1130208,しんじゅく,13
大宮,35.906439,139.62405,1131906,,11
上野,35.71379,139.777043,1130220,うえの,13
横浜,35.466195,139.622704,1130105,,14
品川,35.62876,139.738999,1130103,しながわ,13
渋谷,35.658871,139.701238,1130205,しぶや,13
池袋,35.730256,139.711086,1130212,いけぶくろ,13
千葉,35.613425,140.112837,1131339,,12
大船,35.353466,139.531127,1130107,,14
国分寺,35.700123,139.480841,1131106,こくぶんじ,13
戸塚,35.400432,139.534282,1130106,,14
吉祥寺,35.703119,139.579765,1131104,きちじょうじ,13
恵比寿,35.646685,139.71007,1130204,えびす,13
新橋,35.666195,139.758587,1130102,しんばし,13
神田,35.691173,139.770641,1130223,かんだ,13
空港第２ビル（第２旅客ターミナル）,35.773693,140.387163,1132704,,12
四ツ谷,35.686041,139.730644,1131102,よつや,13
秋葉原,35.698619,139.773288,1130222,あきはばら,13
武蔵小杉,35.57669,139.65963,1130307,,14
西日暮里,35.731954,139.766857,1130217,にしにっぽり,13
西船橋,35.707283,139.959536,1130524,,12
目黒,35.633272,139.7155,1130203,めぐろ,13
高尾,35.642026,139.282288,1131112,たかお,13
練馬,35.737893,139.654368,2200106,ねりま,13
日吉,35.5539,139.646944,2600113,,26
荻窪,35.704523,139.620109,1131217,おぎくぼ,13
新横浜,35.509056,139.617472,1130604,,14
船橋,35.701865,139.984707,1131331,,12
千葉みなと,35.607391,140.102495,1132617,,12
蒲田,35.561767,139.714626,1133230,かまた,13
有楽町,35.675441,139.763806,1130225,ゆうらくちょう,13
新木場,35.646172,139.827402,1132605,しんきば,13
大井町,35.607535,139.735025,1133228,おおいまち,13
大和,35.469924,139.461383,2500206,,8
浜松町,35.655391,139.757135,1130227,はままつちょう,13
海老名,35.453381,139.392074,1130910,,14
御茶ノ水,35.699605,139.764955,1131203,おちゃのみず,13
平和台,35.757863,139.653762,2800604,へいわだい,13
小川町,36.05903,139.260412,1131805,おがわまち,11
小田原,35.256229,139.155396,1130116,,14
神保町,35.695966,139.757606,2800807,じんぼうちょう,13
代々木,35.683061,139.702042,1130207,よよぎ,13
長津田,35.53196,139.493548,1130609,,14
北千住,35.748916,139.804276,1132005,きたせんじゅ,13
橋本,35.594975,139.344586,1130616,,14
飯田橋,35.701934,139.743669,1131316,いいだばし,13
錦糸町,35.696802,139.814136,1131322,きんしちょう,13
金沢八景,35.331223,139.62018,2700139,,14
青山一丁目,35.672765,139.724159,2800116,あおやまいっちょうめ,13
東松戸,35.769954,139.942957,1130521,,12
新鎌ヶ谷,35.779481,139.998361,2100430,,12
日本橋,35.682078,139.773516,2800109,にほんばし,13
高田馬場,35.712677,139.703715,1130210,たかだのばば,13
高幡不動,35.662361,139.412953,2400129,たかはたふどう,13
浜川崎,35.510428,139.713483,1130328,,14
栗橋,36.136852,139.694177,1131914,,11
桜木町,35.449667,139.630791,1130702,,14
浅草,35.709461,139.79697,2100201,あさくさ,13
湘南台,35.396471,139.467283,2500210,,14
汐留,35.663703,139.760642,9930120,しおどめ,13
流山おおたかの森,35.871799,139.925044,2100422,,12
永田,36.135314,139.259516,1132408,,12
浅草橋,35.697451,139.786305,1131320,あさくさばし,13
水道橋,35.703398,139.75516,1131317,すいどうばし,13
武蔵浦和,35.846047,139.647974,1130510,,11
登戸,35.62115,139.569449,1130314,,14
豊島園,35.742054,139.647979,2200402,としまえん,13
豊洲,35.653792,139.795414,2800622,とよす,13
赤坂,35.566093,138.916035,2800515,あかさか,13
都賀,35.635491,140.148736,1131412,,12
鎌倉,35.318491,139.550121,1130812,,14
関内,35.443336,139.636984,1130703,,14
馬橋,35.811682,139.917305,1132011,,12
駒込,35.736825,139.748053,1130215,こまごめ,13
麻布十番,35.654682,139.737051,2800916,あざぶじゅうばん,13
藤沢,35.338882,139.487293,1130108,,14
熊谷,36.139313,139.389542,1132316,,11
熊野前,35.748972,139.769695,9930509,くまのまえ,13
玉川上水,35.731751,139.418435,2200805,たまがわじょうすい,13
王子,35.752538,139.73809,1133212,おうじ,13
町屋,35.742354,139.781499,2300104,まちや,13
町田,35.542004,139.445579,1130611,まちだ,13
栄町,35.612822,140.118592,9930515,さかえちょう,23
羽田空港第3ターミナル,35.544169,139.768206,2700207,はねだくうこうだいさんたーみなる,13
菊名,35.509749,139.630147,1130603,,14
あざみ野,35.568076,139.553694,2600316,,14
入谷,35.719862,139.783924,1130911,いりや,14
八丁堀,35.674851,139.776982,1132602,はっちょうぼり,13
八丁畷,35.523054,139.691346,1130326,,14
六本木,35.662836,139.731443,2800318,ろっぽんぎ,13
北習志野,35.721328,140.042195,9932906,,12
十日市場,35.526254,139.51669,1130608,,14
南千住,35.732413,139.798783,1132004,みなみせんじゅ,13
南流山,35.838035,139.903865,1130518,,12
厚木,35.443081,139.377896,1130909,,14
多摩動物公園,35.648666,139.403672,2400502,たまどうぶつこうえん,13
センター北,35.55353,139.578457,9931603,,14
センター南,35.545476,139.574291,9931604,,14
ユーカリが丘,35.721801,140.156354,2300133,,12
三越前,35.684908,139.773147,2800108,みつこしまえ,13
上大岡,35.408745,139.595901,2700133,,14
下北沢,35.661539,139.66691,2400605,しもきたざわ,13
両国,35.69579,139.793334,1131321,りょうごく,13
中井,35.714035,139.686356,2200704,なかい,13
中央林間,35.507671,139.444935,2500203,,14
中山,35.514745,139.539692,1130607,,14
中延,35.60571,139.712526,2600404,なかのぶ,13
中野坂上,35.69709,139.682279,2800220,なかのさかうえ,13
亀戸,35.697345,139.826262,1131323,かめいど,13
五反田,35.625262,139.724175,1130202,ごたんだ,13
大手町,35.684801,139.766086,2800208,おおてまち,13
東新宿,35.698915,139.707593,2801012,ひがししんじゅく,13
新杉田,35.386863,139.619483,1130708,,14
日比谷,35.674241,139.758732,2800315,ひびや,13
早稲田,35.705723,139.721319,2800404,わせだ,13
明治神宮前,35.668497,139.705367,2800518,めいじじんぐうまえ,13
本八幡,35.720898,139.92741,1131328,,12
本郷三丁目,35.706671,139.759914,2800205,ほんごうさんちょうめ,13
東中野,35.706529,139.684436,1131308,ひがしなかの,13
東川口,35.875246,139.744087,1130513,,11
新宿三丁目,35.690853,139.704828,2800217,しんじゅくさんちょうめ,13
大月,35.612938,138.942248,1131120,,19
天王洲アイル,35.620562,139.750793,9933602,てんのうずあいる,13
寄居,36.117597,139.194508,1131808,,11
巣鴨,35.733445,139.739303,1130214,すがも,13
弘明寺,35.423294,139.602081,2700132,,14
かしわ台,35.466744,139.415851,2900117,,14
さいたま新都心,35.893867,139.633587,1131905,,11
さがみ野,35.471485,139.429055,2900116,,14
三ツ境,35.467779,139.502662,2900112,,14
三田,35.64818,139.748775,9930208,みた,28
三軒茶屋,35.643716,139.670156,2600303,さんげんぢゃや,13
三鷹,35.702683,139.560325,1131105,みたか,13
上総中野,35.250051,140.199571,9930813,,12
下高井戸,35.66615,139.641372,2400107,しもたかいど,13
中目黒,35.643854,139.698621,2600103,なかめぐろ,13
中野,35.705765,139.665835,1131214,なかの,13
久喜,36.065684,139.67727,1131912,,11
九段下,35.695589,139.751948,2800407,くだんした,13
二俣川,35.463335,139.532207,2900110,,14
二子新地,35.606994,139.622338,2600308,,14
二子玉川,35.611788,139.626685,2600307,ふたこたまがわ,13
五井,35.512985,140.089522,1132506,,12
京急川崎,35.53285,139.700893,2700115,,14
京急蒲田,35.560796,139.723681,2700112,けいきゅうかまた,13
京成上野,35.711232,139.773571,2300101,けいせいうえの,13
京成津田沼,35.68364,140.024823,2300126,,12
京成高砂,35.750932,139.866875,2300110,けいせいたかさご,13
人形町,35.686307,139.782285,2800309,にんぎょうちょう,13
代々木上原,35.669159,139.680153,2500105,よよぎうえはら,13
住吉,35.689073,139.815681,2800814,すみよし,28
佐倉,35.709743,140.226722,1131415,,12
佐原,35.894522,140.494074,1132710,,12
保土ヶ谷,35.446746,139.599671,1130807,,14
元住吉,35.565698,139.654668,2600112,,14
八王子,35.655555,139.338998,1130620,はちおうじ,13
分倍河原,35.668493,139.468798,1130321,ぶばいがわら,13
北野,35.644479,139.354489,2400133,きたの,13
千川,35.738229,139.689271,2800607,せんかわ,13
千葉ニュータウン中央,35.800175,140.116159,2300607,,12
千葉中央,35.607354,140.117809,2300410,,12
南古谷,35.903344,139.519082,1132122,,11
南浦和,35.847648,139.669125,1130511,,11
印旛日本医大,35.787512,140.203112,2300608,,12
吾野,35.908502,139.226787,2200130,,11
和光市,35.788507,139.612434,2100111,,11
四街道,35.662756,140.165023,1131413,,12
国会議事堂前,35.67393,139.745219,2800212,こっかいぎじどうまえ,13
国府津,35.280832,139.212932,1130114,,14
地下鉄成増,35.776557,139.631497,2800602,ちかてつなります,13
地下鉄赤塚,35.769939,139.644021,2800603,ちかてつあかつか,13
坂戸,35.957181,139.394032,2100126,,11
堀ノ内,35.26322,139.686932,2700147,,14
多摩川,35.589591,139.668723,2600109,たまがわ,13
多摩湖,35.765881,139.442747,2200601,たまこ,13
大原,35.251097,140.390864,1132418,,12
大岡山,35.607456,139.685909,2600206,おおおかやま,13
大崎,35.619772,139.728439,1130201,おおさき,13
大網,35.522427,140.311111,1132407,,12
大門,35.656785,139.75466,9930121,だいもん,34
天空橋,35.548908,139.75423,2700205,てんくうばし,13
安房鴨川,35.107465,140.103566,1132427,,12
小川,35.737573,139.463493,2200803,おがわ,43
小平,35.736963,139.488491,2200719,こだいら,13
小淵沢,35.863808,138.316351,1131139,,19
小竹向原,35.743803,139.678572,2200301,こたけむかいはら,13
尾久,35.74683,139.753846,1131902,おく,13
川崎,35.531311,139.697485,1130104,,14
川越,35.906742,139.483078,1132123,,11
市川,35.728903,139.908142,1131327,,12
市役所前,35.606878,140.107757,9933102,,1
希望ヶ丘,35.460399,139.5143,2900111,,14
府中本町,35.665766,139.477142,1130320,ふちゅうほんまち,13
強羅,35.25085,139.048162,9933911,,14
後楽園,35.707898,139.751864,2800204,こうらくえん,13
御徒町,35.707282,139.774727,1130221,おかちまち,13
成東,35.608513,140.410109,1131420,,12
成田,35.777796,140.313853,1132703,,12
成田空港（第１旅客ターミナル）,35.763983,140.384644,1132705,,12
我孫子,35.87279,140.010466,1132017,,12
所沢,35.786627,139.473324,2200131,,11
押上,35.710702,139.812935,2100203,おしあげ,13
拝島,35.721278,139.343468,1131506,はいじま,13
指扇,35.917023,139.564951,1132121,,11
新丸子,35.58049,139.661964,2600110,,14
新小岩,35.716903,139.857777,1131325,しんこいわ,13
新川崎,35.551784,139.671481,1130805,,14
新御徒町,35.707045,139.781958,9930111,しんおかちまち,13
新松戸,35.825467,139.921076,1130519,,12
新百合ヶ丘,35.603705,139.507608,2500123,,14
旗の台,35.604923,139.702286,2600406,はたのだい,13
日暮里,35.727908,139.771287,1130218,にっぽり,13
日進,35.931555,139.606111,1132120,,1
日野,35.679244,139.39393,1131108,ひの,13
明大前,35.668758,139.650352,2400106,めいだいまえ,13
春日,35.709598,139.75325,9930108,かすが,40
春日部,35.980095,139.752345,2100227,,11
曳舟,35.718418,139.816634,2100204,ひきふね,13
月島,35.664871,139.784233,2800621,つきしま,13
木更津,35.381668,139.92611,1132511,,12
本千葉,35.601202,140.120987,1132402,,12
東吾野,35.892439,139.260281,2200129,,11
東府中,35.668766,139.495257,2400123,ひがしふちゅう,13
東成田,35.770091,140.387225,2300141,,12
東戸塚,35.430353,139.556794,1130808,,14
東村山,35.76006,139.465839,2200721,ひがしむらやま,13
東武動物公園,36.024604,139.726901,2100230,,11
東神奈川,35.47804,139.633466,1130601,,14
東銀座,35.669464,139.767253,2800313,ひがしぎんざ,13
東飯能,35.852928,139.325965,1131708,,11
松岸,35.739386,140.795143,1131430,,12
松戸,35.784472,139.900779,1132009,,12
柏,35.862316,139.971148,1132015,,12
森下,35.68796,139.797042,9930114,もりした,23
武蔵境,35.702083,139.543402,1131221,むさしさかい,13
武蔵横手,35.885256,139.280667,2200128,,11
氷川台,35.74955,139.665567,2800605,ひかわだい,13
永田町,35.678757,139.740258,2800616,ながたちょう,13
泉岳寺,35.638692,139.74002,2700101,せんがくじ,13
津田沼,35.691367,140.020179,1131333,,12
浦和,35.858496,139.657109,1131904,,11
清澄白河,35.682105,139.798851,2800811,きよすみしらかわ,13
溜池山王,35.673621,139.741419,2800114,ためいけさんのう,13
溝の口,35.59984,139.610487,2600310,,14
瀬谷,35.470412,139.482574,2900113,,14
田園調布,35.596815,139.667356,2600108,でんえんちょうふ,13
田町,35.645736,139.747575,1130228,たまち,13
田端,35.737781,139.761229,1130216,たばた,13
甲府,35.667054,138.569015,1131131,,19
白金台,35.637917,139.726133,2800918,しろかねだい,13
白金高輪,35.642903,139.734104,2800917,しろかねたかなわ,13
相模大塚,35.470666,139.441232,2900115,,14
相模大野,35.532208,139.437836,2500128,,14
稲毛,35.637264,140.09256,1131337,,12
立川,35.698202,139.413704,1130325,たちかわ,13
笹塚,35.673758,139.667251,2400104,ささづか,13
綾瀬,35.762222,139.825019,1132006,あやせ,13
羽沢横浜国大,35.481389,139.586389,2900301,,14
羽生,36.170345,139.533949,2100237,,11
自由が丘,35.607224,139.668664,2600107,じゆうがおか,13
茅ヶ崎,35.330741,139.407197,1130110,,14
茅場町,35.679752,139.780005,2800310,かやばちょう,13
萩山,35.740759,139.476903,2200802,はぎやま,13
蔵前,35.703236,139.790931,9930112,くらまえ,13
蘇我,35.582065,140.130767,1132403,,12
表参道,35.665247,139.712314,2800118,おもてさんどう,13
西八王子,35.656621,139.31264,1131111,にしはちおうじ,13
西国分寺,35.699744,139.465994,1130503,にしこくぶんじ,13
西大井,35.601616,139.721729,1130804,にしおおい,13
西所沢,35.789303,139.455959,2200117,,11
西新井,35.777323,139.790372,2100213,にしあらい,13
西武球場前,35.77093,139.41966,2200503,,11
西荻窪,35.703842,139.599361,1131218,にしおぎくぼ,13
西谷,35.478092,139.565721,2900108,,14
要町,35.73323,139.698715,2800608,かなめちょう,13
調布,35.652181,139.543988,2400118,ちょうふ,13
豊田,35.659502,139.381495,1131109,とよだ,13
赤坂見附,35.677021,139.737047,2800115,あかさかみつけ,13
赤羽,35.778026,139.720928,1131903,あかばね,13
赤羽岩淵,35.783417,139.722103,2800901,あかばねいわぶち,13
越生,35.962559,139.299437,1131803,,11
銀座,35.671989,139.763965,2800111,ぎんざ,13
銚子,35.729449,140.827557,1131431,,12
門前仲町,35.671851,139.796209,2800412,もんぜんなかちょう,13
阿佐ヶ谷,35.704818,139.635868,1131216,あさがや,13
霞ヶ関,35.673838,139.750899,2800211,かすみがせき,13
青砥,35.745883,139.856292,2300109,あおと,13
飯能,35.851189,139.318824,2200125,,11
香取,35.897856,140.532367,1132711,,12
高円寺,35.705326,139.649664,1131215,こうえんじ,13
高津,35.603248,139.616934,2600309,,26
高輪ゲートウェイ,35.6355,139.7407,1130230,たかなわげーとうぇい,13
高麗,35.881982,139.304414,2200127,,11
高麗川,35.896328,139.33809,1131709,,11
鶯谷,35.721484,139.778015,1130219,うぐいすだに,13
鶴ヶ峰,35.475031,139.549586,2900109,,14
鶴見,35.508387,139.67614,1130401,,14
辻堂,35.336847,139.447106,1130109,,14
平塚,35.327647,139.349063,1130111,,14
大磯,35.311299,139.313388,1130112,,14
二宮,35.298644,139.256925,1130113,,14
鴨宮,35.275744,139.180147,1130115,,14
早川,35.238875,139.145014,1130117,,14
根府川,35.202455,139.138504,1130118,,14
真鶴,35.156837,139.132148,1130119,,14
湯河原,35.146178,139.102142,1130120,,14
原宿,35.670646,139.702592,1130206,はらじゅく,13
新大久保,35.700875,139.700261,1130209,しんおおくぼ,13
目白,35.720476,139.706228,1130211,めじろ,13
大塚,35.731412,139.728584,1130213,おおつか,13
尻手,35.530939,139.684233,1130302,,14
矢向,35.539408,139.68055,1130303,,14
鹿島田,35.551459,139.674964,1130304,,14
平間,35.560565,139.671039,1130305,,14
向河原,35.572891,139.66725,1130306,,14
武蔵中原,35.581498,139.640613,1130308,,14
武蔵新城,35.587369,139.629419,1130309,,14
武蔵溝ノ口,35.598923,139.61139,1130310,,14
津田山,35.604259,139.600002,1130311,,14
久地,35.610363,139.592714,1130312,,14
宿河原,35.615429,139.579565,1130313,,14
中野島,35.630135,139.5501,1130315,,14
稲田堤,35.633701,139.535173,1130316,,14
矢野口,35.641305,139.520849,1130317,やのくち,13
稲城長沼,35.644184,139.502811,1130318,いなぎながぬま,13
南多摩,35.649249,139.489781,1130319,みなみたま,13
西府,35.670912,139.457477,1130329,にしふ,13
谷保,35.681377,139.446724,1130322,やほ,13
矢川,35.685079,139.431611,1130323,やがわ,13
西国立,35.69375,139.423887,1130324,にしくにたち,13
川崎新町,35.518234,139.699348,1130327,,14
小田栄,35.5145,139.704944,1130330,,14
国道,35.50083,139.675599,1130402,,14
鶴見小野,35.497005,139.681226,1130403,,14
弁天橋,35.495758,139.689451,1130404,,14
浅野,35.497555,139.695739,1130405,,14
新芝浦,35.491914,139.7001,1130406,,14
海芝浦,35.486073,139.700603,1130407,,14
安善,35.499668,139.700663,1130408,,14
大川,35.495646,139.711038,1130409,,14
武蔵白石,35.501912,139.706513,1130410,,14
昭和,35.506836,139.723897,1130412,,14
扇町,35.501452,139.722147,1130413,,14
北府中,35.68088,139.471792,1130502,きたふちゅう,13
新小平,35.73128,139.470745,1130504,しんこだいら,13
新秋津,35.778331,139.493592,1130505,しんあきつ,13
東所沢,35.79461,139.513878,1130506,,11
新座,35.80381,139.556328,1130507,,11
北朝霞,35.815475,139.587322,1130508,,11
西浦和,35.844139,139.627707,1130509,,11
東浦和,35.864079,139.704627,1130512,,11
南越谷,35.876106,139.790499,1130514,,11
越谷レイクタウン,35.876353,139.822178,1130525,,11
吉川,35.87662,139.843162,1130515,,11
吉川美南,35.868056,139.858167,1130526,,11
新三郷,35.858667,139.869341,1130516,,11
三郷,35.845004,139.886341,1130517,,11
新八柱,35.792013,139.938393,1130520,,12
市川大野,35.755432,139.951227,1130522,,12
船橋法典,35.730435,139.966771,1130523,,12
大口,35.492375,139.646288,1130602,,14
小机,35.508533,139.599787,1130605,,14
鴨居,35.510955,139.56707,1130606,,14
成瀬,35.535412,139.472875,1130610,なるせ,13
古淵,35.556055,139.419151,1130612,,14
淵野辺,35.568784,139.395075,1130613,,14
矢部,35.573275,139.386373,1130614,,14
相模原,35.58113,139.371007,1130615,,14
相原,35.60694,139.33169,1130617,あいはら,13
八王子みなみ野,35.630664,139.330678,1130618,はちおうじみなみの,13
片倉,35.639704,139.34119,1130619,かたくら,13
石川町,35.438808,139.642934,1130704,,14
山手,35.426891,139.646425,1130705,,14
根岸,35.415887,139.636034,1130706,,7
磯子,35.399881,139.617916,1130707,,14
洋光台,35.378785,139.596852,1130709,,14
港南台,35.375183,139.576243,1130710,,14
本郷台,35.36787,139.550159,1130711,,14
北鎌倉,35.337198,139.545134,1130811,,14
逗子,35.297392,139.578292,1130813,,14
東逗子,35.298781,139.601768,1130814,,14
田浦,35.29271,139.637726,1130815,,14
横須賀,35.284022,139.655855,1130816,,14
衣笠,35.257091,139.661193,1130817,,14
久里浜,35.233107,139.700862,1130818,,14
北茅ヶ崎,35.339167,139.407569,1130902,,14
香川,35.35655,139.400044,1130903,,14
寒川,35.367579,139.387452,1130904,,14
宮山,35.382261,139.379639,1130905,,14
倉見,35.395098,139.378422,1130906,,14
門沢橋,35.406761,139.380139,1130907,,14
社家,35.420543,139.377281,1130908,,14
相武台下,35.492734,139.386297,1130912,,14
下溝,35.518516,139.380428,1130913,,14
原当麻,35.528978,139.375355,1130914,,14
番田,35.545392,139.362988,1130915,,14
上溝,35.557623,139.36315,1130916,,14
南橋本,35.58042,139.352484,1130917,,14
相模湖,35.617335,139.1885,1131113,,14
藤野,35.615918,139.15239,1131114,,14
上野原,35.618747,139.115787,1131115,,19
四方津,35.614252,139.072572,1131116,,19
梁川,35.605271,139.038076,1131117,,19
鳥沢,35.608118,139.003345,1131118,,19
猿橋,35.61288,138.968388,1131119,,19
初狩,35.594274,138.883966,1131121,,19
笹子,35.603921,138.825205,1131122,,19
甲斐大和,35.639364,138.781632,1131123,,19
勝沼ぶどう郷,35.67279,138.74323,1131124,,19
塩山,35.705327,138.734796,1131125,,19
東山梨,35.694313,138.703026,1131126,,19
山梨市,35.684961,138.683003,1131127,,19
春日居町,35.673491,138.659,1131128,,19
石和温泉,35.657603,138.634577,1131129,,19
酒折,35.659486,138.598852,1131130,,19
竜王,35.668764,138.519298,1131132,,19
塩崎,35.687734,138.487521,1131133,,19
韮崎,35.709711,138.451357,1131134,,19
新府,35.736802,138.433093,1131135,,19
穴山,35.75107,138.413858,1131136,,19
日野春,35.79065,138.394316,1131137,,19
長坂,35.827061,138.366459,1131138,,19
東小金井,35.701643,139.524837,1131222,ひがしこがねい,13
武蔵小金井,35.701337,139.506483,1131223,むさしこがねい,13
国立,35.69923,139.44634,1131226,くにたち,13
大久保,35.700784,139.69732,1131309,おおくぼ,5
千駄ヶ谷,35.681231,139.711644,1131312,せんだがや,13
信濃町,35.680031,139.720729,1131313,しなのまち,13
平井,35.70643,139.842181,1131324,ひらい,13
小岩,35.733207,139.881755,1131326,こいわ,13
下総中山,35.714276,139.943092,1131329,,12
東船橋,35.699811,140.00393,1131332,,12
幕張本郷,35.672664,140.042241,1131334,,12
幕張,35.6594,140.057899,1131335,,12
新検見川,35.65169,140.073025,1131336,,12
西千葉,35.622639,140.103337,1131338,,12
新日本橋,35.688687,139.77323,1131402,しんにほんばし,13
馬喰町,35.693365,139.78238,1131403,ばくろちょう,13
東千葉,35.617014,140.122261,1131411,,12
物井,35.68566,140.200263,1131414,,12
南酒々井,35.704217,140.267828,1131416,,12
榎戸,35.683967,140.288136,1131417,,12
八街,35.663228,140.317304,1131418,,12
日向,35.628402,140.362447,1131419,,12
松尾,35.63604,140.457587,1131421,,12
横芝,35.661739,140.490736,1131422,,12
飯倉,35.685638,140.522328,1131423,,12
八日市場,35.699317,140.552419,1131424,,12
干潟,35.718308,140.603304,1131425,,12
旭,35.721831,140.655041,1131426,,12
飯岡,35.729339,140.683896,1131427,,12
倉橋,35.737836,140.714018,1131428,,12
猿田,35.747383,140.7374,1131429,,12
西立川,35.703526,139.393556,1131502,にしたちかわ,13
東中神,35.706337,139.384529,1131503,ひがしなかがみ,13
中神,35.709058,139.375816,1131504,なかがみ,13
昭島,35.713305,139.361564,1131505,あきしま,13
牛浜,35.734547,139.333677,1131507,うしはま,13
福生,35.742456,139.327763,1131508,ふっさ,13
羽村,35.758073,139.316188,1131509,はむら,13
小作,35.776048,139.302233,1131510,おざく,13
河辺,35.78473,139.284032,1131511,かべ,13
東青梅,35.789768,139.272841,1131512,ひがしおうめ,13
青梅,35.790512,139.258096,1131513,おうめ,13
宮ノ平,35.787545,139.237289,1131514,みやのひら,13
日向和田,35.788665,139.229515,1131515,ひなたわだ,13
石神前,35.79683,139.225096,1131516,いしがみまえ,13
二俣尾,35.803946,139.216161,1131517,ふたまたお,13
軍畑,35.807382,139.207431,1131518,いくさばた,13
沢井,35.80594,139.193324,1131519,さわい,13
御嶽,35.801468,139.182589,1131520,みたけ,13
川井,35.813697,139.16429,1131521,かわい,13
古里,35.816247,139.152102,1131522,こり,13
鳩ノ巣,35.815127,139.128932,1131523,はとのす,13
白丸,35.811735,139.114861,1131524,しろまる,13
奥多摩,35.809357,139.096961,1131525,おくたま,13
熊川,35.728321,139.33584,1131602,くまがわ,13
東秋留,35.725904,139.311665,1131603,ひがしあきる,13
秋川,35.727998,139.286715,1131604,あきがわ,13
武蔵引田,35.729711,139.269907,1131605,むさしひきだ,13
武蔵増戸,35.730961,139.256355,1131606,むさしますこ,13
武蔵五日市,35.732248,139.228039,1131607,むさしいつかいち,13
北八王子,35.669232,139.363348,1131702,きたはちおうじ,13
小宮,35.685799,139.368481,1131703,こみや,13
東福生,35.745811,139.33594,1131705,ひがしふっさ,13
箱根ヶ崎,35.771158,139.346805,1131706,はこねがさき,13
金子,35.810822,139.328546,1131707,,11
毛呂,35.940806,139.309237,1131802,,11
明覚,36.003309,139.288789,1131804,,11
竹沢,36.075466,139.229952,1131806,,11
折原,36.096296,139.195205,1131807,,11
用土,36.153858,139.200758,1131809,,11
松久,36.172938,139.182127,1131810,,11
児玉,36.192624,139.13582,1131811,,11
丹荘,36.216668,139.102306,1131812,,11
土呂,35.931997,139.63214,1131907,,11
東大宮,35.948751,139.640291,1131908,,11
蓮田,35.981272,139.653016,1131909,,11
白岡,36.01774,139.666826,1131910,,11
新白岡,36.038732,139.67208,1131911,,11
東鷲宮,36.089428,139.67913,1131913,,11
三河島,35.733383,139.777131,1132003,みかわしま,13
亀有,35.766527,139.847573,1132007,かめあり,13
金町,35.769582,139.870482,1132008,かなまち,13
北松戸,35.800459,139.911528,1132010,,12
北小金,35.833436,139.931303,1132013,,12
南柏,35.844655,139.954111,1132014,,12
北柏,35.875623,139.988035,1132016,,12
天王台,35.872558,140.04121,1132018,,12
板橋,35.745435,139.719507,1132106,いたばし,13
十条,35.760321,139.722233,1132107,じゅうじょう,13
北赤羽,35.787007,139.70569,1132109,きたあかばね,13
浮間舟渡,35.791209,139.691341,1132110,うきまふなど,13
戸田公園,35.807906,139.678203,1132111,,11
戸田,35.817665,139.669548,1132112,,11
北戸田,35.826883,139.661201,1132113,,11
中浦和,35.853769,139.6375,1132115,,11
南与野,35.867456,139.631117,1132116,,11
与野本町,35.880968,139.626075,1132117,,11
北与野,35.890678,139.628521,1132118,,11
西大宮,35.92228133,139.5797968,1132211,,11
西川越,35.91909,139.459746,1132206,,11
的場,35.917478,139.435376,1132207,,11
笠幡,35.907551,139.40622,1132208,,11
武蔵高萩,35.901729,139.371123,1132209,,11
宮原,35.940256,139.609455,1132307,,11
上尾,35.973522,139.588434,1132308,,11
北上尾,35.985632,139.577223,1132309,,11
桶川,35.998375,139.564274,1132310,,11
北本,36.032112,139.533591,1132311,,11
鴻巣,36.0592,139.509552,1132312,,11
北鴻巣,36.085529,139.476894,1132313,,11
吹上,36.103062,139.45312,1132314,,11
行田,36.113879,139.432103,1132315,,11
籠原,36.17448,139.330199,1132317,,11
深谷,36.191344,139.28127,1132318,,11
岡部,36.205645,139.237622,1132319,,11
本庄,36.236229,139.188299,1132320,,11
神保原,36.25359,139.149172,1132321,,11
鎌取,35.562795,140.178583,1132404,,12
誉田,35.546996,140.213748,1132405,,12
土気,35.530866,140.269783,1132406,,12
本納,35.48227,140.30758,1132409,,12
新茂原,35.449477,140.29983,1132410,,12
茂原,35.426733,140.304121,1132411,,12
八積,35.403971,140.345367,1132412,,12
上総一ノ宮,35.373401,140.365138,1132413,,12
東浪見,35.34669,140.376706,1132414,,12
太東,35.319942,140.381184,1132415,,12
長者町,35.295839,140.385021,1132416,,12
三門,35.282377,140.391567,1132417,,12
浪花,35.222674,140.379428,1132419,,12
御宿,35.188028,140.35197,1132420,,12
勝浦,35.152722,140.312142,1132421,,12
鵜原,35.140828,140.278446,1132422,,12
上総興津,35.137146,140.250487,1132423,,12
行川アイランド,35.11832,140.226962,1132424,,12
安房小湊,35.128597,140.190337,1132425,,12
安房天津,35.125473,140.154487,1132426,,12
浜野,35.551876,140.132089,1132504,,12
八幡宿,35.536189,140.120072,1132505,,12
姉ヶ崎,35.4786,140.041749,1132507,,12
長浦,35.450234,139.995478,1132508,,12
袖ヶ浦,35.431997,139.95788,1132509,,12
巌根,35.414285,139.933229,1132510,,12
君津,35.333619,139.895697,1132512,,12
青堀,35.330304,139.858189,1132513,,12
大貫,35.291661,139.855541,1132514,,12
佐貫町,35.260113,139.876106,1132515,,12
上総湊,35.221855,139.871016,1132516,,12
竹岡,35.197582,139.830159,1132517,,12
浜金谷,35.168215,139.822141,1132518,,12
保田,35.14148,139.838114,1132519,,12
安房勝山,35.114022,139.83339,1132520,,12
岩井,35.093062,139.849839,1132521,,12
富浦,35.04614,139.837811,1132522,,1
那古船形,35.028987,139.851388,1132523,,12
館山,34.9959,139.861888,1132524,,12
九重,34.99752,139.911383,1132525,,12
千倉,34.976704,139.954738,1132526,,12
千歳,34.991701,139.966378,1132527,,1
南三原,35.021065,139.979204,1132528,,12
和田浦,35.041885,140.019569,1132529,,12
江見,35.062513,140.061026,1132530,,12
太海,35.081435,140.096229,1132531,,12
越中島,35.667946,139.792713,1132603,えっちゅうじま,13
潮見,35.658702,139.817341,1132604,しおみ,13
葛西臨海公園,35.644392,139.861529,1132606,かさいりんかいこうえん,13
舞浜,35.636115,139.883714,1132607,,12
新浦安,35.649526,139.912553,1132608,,12
市川塩浜,35.666554,139.923684,1132609,,12
二俣新町,35.691273,139.959525,1132611,,12
南船橋,35.681804,139.995773,1132612,,12
新習志野,35.667342,140.012825,1132613,,12
幕張豊砂,35.6579,140.0272,1132619,,12
海浜幕張,35.648373,140.041917,1132614,,12
検見川浜,35.637291,140.058888,1132615,,12
稲毛海岸,35.629501,140.074034,1132616,,12
酒々井,35.731737,140.275271,1132702,,12
久住,35.832232,140.338929,1132706,,12
滑河,35.877079,140.347871,1132707,,12
下総神崎,35.8948,140.410657,1132708,,12
大戸,35.890004,140.457828,1132709,,12
水郷,35.885508,140.570181,1132712,,12
小見川,35.849971,140.604587,1132713,,12
笹川,35.839753,140.655716,1132714,,12
下総橘,35.818673,140.702273,1132715,,12
下総豊里,35.792899,140.721011,1132716,,12
椎柴,35.765204,140.758875,1132717,,12
東我孫子,35.868945,140.047754,1132721,,12
湖北,35.867165,140.077959,1132722,,12
新木,35.862352,140.107048,1132723,,12
布佐,35.849371,140.13293,1132724,,12
木下,35.838817,140.147954,1132725,,12
小林,35.830783,140.193028,1132726,,12
安食,35.835682,140.242051,1132727,,12
下総松崎,35.807806,140.27749,1132728,,12
十二橋,35.916984,140.545707,1132903,,12
祇園,35.391528,139.948111,1133002,,12
上総清川,35.390981,139.965612,1133003,,12
東清川,35.390017,139.985847,1133004,,12
横田,35.386207,140.020138,1133005,,12
東横田,35.386185,140.035995,1133006,,12
馬来田,35.36681,140.058485,1133007,,12
下郡,35.355018,140.055372,1133008,,12
小櫃,35.328252,140.059794,1133009,,12
俵田,35.314495,140.061386,1133010,,12
久留里,35.295812,140.075613,1133011,,12
平山,35.274312,140.064682,1133012,,12
上総松丘,35.258226,140.064046,1133013,,12
上総亀山,35.233153,140.089479,1133014,,12
福俵,35.54617,140.341904,1133102,,12
東金,35.560172,140.363743,1133103,,12
求名,35.579947,140.39626,1133104,,12
与野,35.884393,139.639085,1133203,,11
北浦和,35.872053,139.645951,1133204,,11
蕨,35.827959,139.690357,1133207,,11
西川口,35.815514,139.704312,1133208,,11
川口,35.801869,139.717472,1133209,,11
東十条,35.763803,139.726858,1133211,ひがしじゅうじょう,13
上中里,35.74728,139.745769,1133213,かみなかざと,13
大森,35.588903,139.728079,1133229,おおもり,13
新子安,35.487064,139.654776,1133233,,14
甲斐小泉,35.879533,138.359402,1140102,,19
甲斐大泉,35.89624,138.409564,1140103,,19
清里,35.919093,138.436589,1140104,,19
十島,35.230153,138.515802,1140212,,19
井出,35.247449,138.490989,1140213,,19
寄畑,35.264832,138.474932,1140214,,19
内船,35.282183,138.465068,1140215,,19
甲斐大島,35.32817,138.45218,1140216,,19
身延,35.361397,138.453021,1140217,,19
塩之沢,35.379626,138.453887,1140218,,19
波高島,35.418624,138.459747,1140219,,19
下部温泉,35.425751,138.472359,1140220,,19
甲斐常葉,35.444779,138.476975,1140221,,19
市ノ瀬,35.462345,138.482154,1140222,,19
久那土,35.48144,138.467391,1140223,,19
甲斐岩間,35.492539,138.463057,1140224,,19
落居,35.503612,138.471256,1140225,,19
鰍沢口,35.541375,138.470916,1140226,,19
市川大門,35.560451,138.493276,1140227,,19
市川本町,35.560684,138.502028,1140228,,19
芦川,35.563087,138.511241,1140229,,19
甲斐上野,35.569592,138.520465,1140230,,19
東花輪,35.594749,138.526935,1140231,,19
小井川,35.604442,138.528523,1140232,,19
常永,35.616877,138.532909,1140233,,19
国母,35.630567,138.552113,1140234,,19
甲斐住吉,35.63658,138.569892,1140235,,19
南甲府,35.643496,138.577274,1140236,,19
善光寺,35.65985,138.589278,1140237,,19
金手,35.662264,138.578845,1140238,,19
下曽我,35.303554,139.183395,1150502,,14
上大井,35.321883,139.163508,1150503,,14
相模金子,35.33364,139.150753,1150504,,14
松田,35.346843,139.137417,1150505,,14
東山北,35.357637,139.10765,1150506,,14
山北,35.360808,139.080212,1150507,,14
谷峨,35.366561,139.038234,1150508,,14
北池袋,35.741283,139.716749,2100102,きたいけぶくろ,13
下板橋,35.745721,139.714785,2100103,しもいたばし,13
大山,35.748398,139.702589,2100104,おおやま,46
中板橋,35.756214,139.694628,2100105,なかいたばし,13
ときわ台,35.758771,139.689015,2100106,ときわだい,13
上板橋,35.763596,139.67641,2100107,かみいたばし,13
東武練馬,35.768698,139.661964,2100108,とうぶねりま,13
下赤塚,35.770558,139.644482,2100109,しもあかつか,13
成増,35.777723,139.632708,2100110,なります,13
朝霞,35.796736,139.600321,2100112,,11
朝霞台,35.814328,139.587189,2100113,,11
志木,35.822105,139.575367,2100114,,11
柳瀬川,35.830723,139.562071,2100115,,11
みずほ台,35.838233,139.55078,2100116,,11
鶴瀬,35.845776,139.539347,2100117,,11
ふじみ野,35.860735,139.523389,2100118,,11
上福岡,35.873855,139.511782,2100119,,11
新河岸,35.890911,139.497257,2100120,,11
川越市,35.914146,139.476989,2100122,,11
霞ヶ関,35.925635,139.442897,2100123,かすみがせき,11
鶴ヶ島,35.936771,139.423825,2100124,,11
若葉,35.948919,139.408782,2100125,,11
北坂戸,35.972098,139.396932,2100127,,11
高坂,36.002572,139.397747,2100128,,11
東松山,36.034608,139.401651,2100129,,11
森林公園,36.045239,139.374947,2100130,,1
つきのわ,36.04352,139.345541,2100131,,11
武蔵嵐山,36.044001,139.32829,2100132,,11
東武竹沢,36.0754,139.237591,2100134,,11
みなみ寄居,36.092417,139.2365,2100139,,11
男衾,36.107415,139.234442,2100135,,11
鉢形,36.11378,139.208649,2100136,,11
玉淀,36.117071,139.200052,2100137,,11
とうきょうスカイツリー,35.71043,139.809332,2100202,とうきょうすかいつりー,13
東向島,35.724324,139.819306,2100205,ひがしむこうじま,13
鐘ヶ淵,35.733712,139.820344,2100206,かねがふち,13
堀切,35.742977,139.817727,2100207,ほりきり,13
牛田,35.744555,139.811816,2100208,うしだ,13
小菅,35.759039,139.812935,2100210,こすげ,13
五反野,35.765852,139.809643,2100211,ごたんの,13
梅島,35.772437,139.797916,2100212,うめじま,13
竹ノ塚,35.794368,139.790788,2100214,たけのつか,13
谷塚,35.814926,139.801483,2100215,,11
草加,35.828476,139.803397,2100216,,11
獨協大学前〈草加松原〉,35.84333,139.800622,2100217,,11
新田,35.854086,139.795391,2100218,,4
蒲生,35.866851,139.791686,2100219,,11
新越谷,35.875186,139.789905,2100220,,11
越谷,35.887529,139.786213,2100221,,11
北越谷,35.901724,139.780008,2100222,,11
大袋,35.92437,139.777868,2100223,,11
せんげん台,35.935832,139.774478,2100224,,11
武里,35.949102,139.770675,2100225,,11
一ノ割,35.96412,139.766219,2100226,,11
北春日部,35.990655,139.744012,2100228,,11
姫宮,36.004384,139.738674,2100229,,11
和戸,36.039562,139.701156,2100231,,11
鷲宮,36.09626,139.656945,2100233,,11
花崎,36.109891,139.633522,2100234,,11
加須,36.122992,139.595584,2100235,,11
南羽生,36.14959,139.55696,2100236,,11
杉戸高野台,36.051536,139.714582,2100302,,11
幸手,36.074297,139.714937,2100303,,11
南栗橋,36.113157,139.713004,2100304,,11
新古河,36.192686,139.686904,2100306,,11
柳生,36.206756,139.659645,2100307,,11
北大宮,35.91716,139.624726,2100402,,11
大宮公園,35.92374,139.632903,2100403,,11
大和田,35.929359,139.65051,2100404,,1
七里,35.936464,139.665948,2100405,,11
岩槻,35.950239,139.693197,2100406,,11
東岩槻,35.963273,139.712192,2100407,,11
豊春,35.968014,139.72601,2100408,,11
八木崎,35.978376,139.741785,2100409,,11
藤の牛島,35.98026,139.778038,2100411,,11
南桜井,35.980441,139.807988,2100412,,11
川間,35.979172,139.83385,2100413,,12
七光台,35.970884,139.852906,2100414,,12
清水公園,35.959364,139.85967,2100415,,12
愛宕,35.950154,139.864817,2100416,,4
野田市,35.943652,139.870728,2100417,,12
梅郷,35.931575,139.891086,2100418,,12
運河,35.914392,139.906063,2100419,,12
江戸川台,35.897344,139.91045,2100420,,12
初石,35.883783,139.917861,2100421,,12
豊四季,35.86657,139.93929,2100423,,12
新柏,35.838128,139.966994,2100425,,12
増尾,35.829704,139.976604,2100426,,12
逆井,35.823336,139.983812,2100427,,12
高柳,35.808211,139.998936,2100428,,12
六実,35.793715,139.999195,2100429,,12
鎌ヶ谷,35.763765,139.997266,2100431,,12
馬込沢,35.741586,139.992199,2100432,,12
塚田,35.722102,139.982859,2100433,,12
新船橋,35.710993,139.979765,2100434,,12
小村井,35.710316,139.827595,2100502,おむらい,13
東あずま,35.707067,139.831883,2100503,ひがしあずま,13
亀戸水神,35.699976,139.833422,2100504,かめいどすいじん,13
大師前,35.778989,139.781647,2100602,だいしまえ,13
一本松,35.94008,139.370062,2100702,,40
西大家,35.931698,139.356321,2100703,,11
川角,35.937438,139.346426,2100704,,11
武州長瀬,35.942023,139.325561,2100705,,11
東毛呂,35.947058,139.315303,2100706,,11
武州唐沢,35.952127,139.30912,2100707,,11
椎名町,35.726572,139.694363,2200102,しいなまち,13
東長崎,35.73003,139.683294,2200103,ひがしながさき,13
江古田,35.737557,139.672814,2200104,えこだ,13
桜台,35.738797,139.662602,2200105,さくらだい,13
中村橋,35.736767,139.637456,2200107,なかむらばし,13
富士見台,35.735867,139.62969,2200108,ふじみだい,13
練馬高野台,35.740622,139.616749,2200109,ねりまたかのだい,13
石神井公園,35.743563,139.606981,2200110,しゃくじいこうえん,13
大泉学園,35.749406,139.586732,2200111,おおいずみがくえん,13
保谷,35.748222,139.567753,2200112,ほうや,13
ひばりヶ丘,35.751485,139.545852,2200113,ひばりがおか,13
東久留米,35.760445,139.533739,2200114,ひがしくるめ,13
清瀬,35.772221,139.519917,2200115,きよせ,13
秋津,35.778614,139.496539,2200116,あきつ,13
小手指,35.800535,139.438016,2200118,,11
狭山ヶ丘,35.810445,139.416975,2200119,,11
武蔵藤沢,35.820963,139.412736,2200120,,11
稲荷山公園,35.845112,139.39842,2200121,,11
入間市,35.842904,139.390294,2200122,,11
仏子,35.83769,139.360115,2200123,,11
元加治,35.84058,139.345316,2200124,,11
西吾野,35.927082,139.202425,2200207,,11
正丸,35.938324,139.181521,2200208,,11
芦ヶ久保,35.976505,139.135982,2200209,,11
横瀬,35.985548,139.097818,2200210,,11
西武秩父,35.990061,139.083548,2200212,,11
新桜台,35.74077,139.6683,2200302,しんさくらだい,13
下山口,35.77941,139.441097,2200502,,11
西武園ゆうえんち,35.769042,139.440166,2200602,,11
西武新宿,35.696254,139.7,2200701,せいぶしんじゅく,13
下落合,35.715846,139.695391,2200703,しもおちあい,13
新井薬師前,35.715778,139.672582,2200705,あらいやくしまえ,13
沼袋,35.719458,139.663841,2200706,ぬまぶくろ,13
野方,35.719658,139.652733,2200707,のがた,13
都立家政,35.722313,139.644839,2200708,とりつかせい,13
鷺ノ宮,35.722605,139.63892,2200709,さぎのみや,13
下井草,35.723852,139.624688,2200710,しもいぐさ,13
井荻,35.72469,139.615303,2200711,いおぎ,13
上井草,35.725326,139.602937,2200712,かみいぐさ,13
上石神井,35.726189,139.592266,2200713,かみしゃくじい,13
武蔵関,35.7276,139.576417,2200714,むさしせき,13
東伏見,35.728761,139.563529,2200715,ひがしふしみ,13
西武柳沢,35.728621,139.552477,2200716,せいぶやぎさわ,13
田無,35.727307,139.539259,2200717,たなし,13
花小金井,35.726129,139.513228,2200718,はなこがねい,13
久米川,35.749575,139.472653,2200720,くめがわ,13
航空公園,35.798272,139.465641,2200723,,11
新所沢,35.805854,139.457069,2200724,,11
入曽,35.832481,139.427304,2200725,,11
狭山市,35.856936,139.413015,2200726,,11
新狭山,35.873993,139.433499,2200727,,11
南大塚,35.889663,139.454189,2200728,,11
本川越,35.913524,139.481125,2200729,,11
東大和市,35.732829,139.434249,2200804,ひがしやまとし,13
武蔵砂川,35.728876,139.392319,2200806,むさしすながわ,13
西武立川,35.7262,139.370124,2200807,せいぶたちかわ,13
西武園,35.767684,139.448904,2200902,せいぶえん,13
恋ヶ窪,35.711385,139.463944,2201002,こいがくぼ,13
鷹の台,35.723097,139.461155,2201003,たかのだい,13
一橋学園,35.72217,139.480039,2201102,ひとつばしがくえん,13
青梅街道,35.73098,139.476628,2201103,おうめかいどう,13
八坂,35.744925,139.467676,2201106,やさか,13
武蔵大和,35.756427,139.444008,2201107,むさしやまと,13
新小金井,35.695908,139.526603,2201202,しんこがねい,13
多磨,35.676821,139.51713,2201203,たま,13
白糸台,35.666517,139.509862,2201204,しらいとだい,13
競艇場前,35.656232,139.499721,2201205,きょうていじょうまえ,13
是政,35.656242,139.488592,2201206,これまさ,13
新三河島,35.73714,139.773834,2300103,しんみかわしま,13
千住大橋,35.74243,139.796934,2300105,せんじゅおおはし,13
京成関屋,35.744008,139.81183,2300106,けいせいせきや,13
堀切菖蒲園,35.747649,139.827545,2300107,ほりきりしょうぶえん,13
お花茶屋,35.747585,139.83988,2300108,おはなぢゃや,13
京成小岩,35.742158,139.88371,2300111,けいせいこいわ,13
江戸川,35.737723,139.896226,2300112,えどがわ,13
国府台,35.736301,139.90322,2300113,,12
市川真間,35.73121,139.911717,2300114,,12
菅野,35.728272,139.919413,2300115,,12
京成八幡,35.723811,139.92816,2300116,,12
鬼越,35.719776,139.937932,2300117,,12
京成中山,35.716998,139.944203,2300118,,12
東中山,35.714385,139.952683,2300119,,12
京成西船,35.711627,139.958863,2300120,,12
海神,35.705888,139.971888,2300121,,12
京成船橋,35.700161,139.985451,2300122,,12
大神宮下,35.693945,139.991431,2300123,,12
船橋競馬場,35.689606,139.997998,2300124,,12
谷津,35.685257,140.007658,2300125,,12
京成大久保,35.686016,140.048629,2300127,,12
実籾,35.686852,140.068289,2300128,,12
八千代台,35.701465,140.090942,2300129,,12
京成大和田,35.712309,140.108578,2300130,,12
勝田台,35.715445,140.126053,2300131,,12
志津,35.717406,140.144982,2300132,,12
京成臼井,35.730017,140.180796,2300134,,12
京成佐倉,35.725205,140.229633,2300135,,12
大佐倉,35.729908,140.25079,2300136,,12
京成酒々井,35.736867,140.270132,2300137,,12
宗吾参道,35.752669,140.280975,2300138,,12
公津の杜,35.760446,140.294904,2300139,,12
京成成田,35.776308,140.315473,2300140,,12
京成曳舟,35.718441,139.820012,2300202,けいせいひきふね,13
八広,35.727687,139.828738,2300203,やひろ,13
四ツ木,35.731962,139.834918,2300204,よつぎ,13
京成立石,35.738281,139.848558,2300205,けいせいたていし,13
柴又,35.756323,139.875188,2300302,しばまた,13
京成金町,35.768471,139.870387,2300303,けいせいかなまち,13
京成幕張本郷,35.672551,140.042091,2300402,,12
京成幕張,35.66078,140.05591,2300403,,12
検見川,35.652512,140.066656,2300404,,12
京成稲毛,35.637783,140.085505,2300405,,12
みどり台,35.624994,140.097413,2300406,,12
西登戸,35.617615,140.102801,2300407,,12
新千葉,35.612455,140.108557,2300408,,12
京成千葉,35.6116,140.114273,2300409,,12
千葉寺,35.590311,140.132236,2300502,,12
大森台,35.584126,140.149398,2300503,,12
学園前,35.560364,140.158416,2300504,,12
おゆみ野,35.550029,140.166264,2300505,,12
ちはら台,35.534017,140.17029,2300506,,12
成田湯川,35.799115,140.291596,2300609,,12
代田橋,35.671092,139.659413,2400105,だいたばし,13
桜上水,35.66768,139.63129,2400108,さくらじょうすい,13
上北沢,35.668857,139.62329,2400109,かみきたざわ,13
八幡山,35.669982,139.614927,2400110,はちまんやま,13
芦花公園,35.670479,139.608247,2400111,ろかこうえん,13
千歳烏山,35.667921,139.60067,2400112,ちとせからすやま,13
仙川,35.662257,139.584908,2400113,せんがわ,13
つつじヶ丘,35.657936,139.575103,2400114,つつじがおか,13
柴崎,35.653997,139.56658,2400115,しばさき,13
国領,35.650087,139.558036,2400116,こくりょう,13
布田,35.649904,139.551557,2400117,ふだ,13
西調布,35.657169,139.529822,2400119,にしちょうふ,13
飛田給,35.660121,139.523666,2400120,とびたきゅう,13
武蔵野台,35.664159,139.511289,2400121,むさしのだい,13
多磨霊園,35.666197,139.502615,2400122,たまれいえん,13
府中,35.672245,139.4799,2400124,ふちゅう,34
中河原,35.659549,139.457602,2400126,なかがわら,13
聖蹟桜ヶ丘,35.650814,139.446979,2400127,せいせきさくらがおか,13
百草園,35.657362,139.431285,2400128,もぐさえん,13
南平,35.654559,139.392008,2400130,みなみだいら,13
平山城址公園,35.647371,139.379926,2400131,ひらやまじょうしこうえん,13
長沼,35.642788,139.365849,2400132,ながぬま,13
京王八王子,35.657416,139.343851,2400134,けいおうはちおうじ,13
京王多摩川,35.644499,139.536606,2400202,けいおうたまがわ,13
京王稲田堤,35.633895,139.531099,2400203,,14
京王よみうりランド,35.632934,139.517597,2400204,けいおうよみうりらんど,13
稲城,35.636166,139.500398,2400205,いなぎ,13
若葉台,35.619325,139.472189,2400206,,14
京王永山,35.630102,139.448204,2400207,けいおうながやま,13
京王多摩センター,35.62518,139.42402,2400208,けいおうたませんたー,13
京王堀之内,35.624438,139.400314,2400209,けいおうほりのうち,13
南大沢,35.6141,139.3798,2400210,みなみおおさわ,13
多摩境,35.601826,139.366987,2400211,たまさかい,13
京王片倉,35.644343,139.337035,2400302,けいおうかたくら,13
山田,35.644411,139.321082,2400303,やまだ,13
めじろ台,35.643601,139.308446,2400304,めじろだい,13
狭間,35.640637,139.293808,2400305,はざま,13
高尾山口,35.632377,139.269856,2400307,たかおさんぐち,13
府中競馬正門前,35.668288,139.485019,2400402,ふちゅうけいばせいもんまえ,13
神泉,35.657244,139.693579,2400602,しんせん,13
駒場東大前,35.65868,139.684308,2400603,こまばとうだいまえ,13
池ノ上,35.660402,139.67344,2400604,いけのうえ,13
新代田,35.662593,139.660524,2400606,しんだいた,13
東松原,35.662634,139.655535,2400607,ひがしまつばら,13
永福町,35.67629,139.642733,2400609,えいふくちょう,13
西永福,35.678918,139.634936,2400610,にしえいふく,13
浜田山,35.681603,139.627528,2400611,はまだやま,13
高井戸,35.683253,139.615115,2400612,たかいど,13
富士見ヶ丘,35.684805,139.607072,2400613,ふじみがおか,13
久我山,35.688138,139.599211,2400614,くがやま,13
三鷹台,35.692046,139.589298,2400615,みたかだい,13
井の頭公園,35.697304,139.583112,2400616,いのかしらこうえん,13
新線新宿,35.68869,139.698812,2400701,しんせんしんじゅく,13
初台,35.68123,139.686354,2400702,はつだい,13
幡ヶ谷,35.677061,139.676183,2400703,はたがや,13
南新宿,35.683483,139.69867,2500102,みなみしんじゅく,13
参宮橋,35.678586,139.693568,2500103,さんぐうばし,13
代々木八幡,35.669715,139.688913,2500104,よよぎはちまん,13
東北沢,35.665379,139.673014,2500106,ひがしきたざわ,13
世田谷代田,35.65834,139.661557,2500108,せたがやだいた,13
梅ヶ丘,35.656024,139.653628,2500109,うめがおか,13
豪徳寺,35.653807,139.647381,2500110,ごうとくじ,13
経堂,35.650991,139.635993,2500111,きょうどう,13
千歳船橋,35.647616,139.624544,2500112,ちとせふなばし,13
祖師ヶ谷大蔵,35.643236,139.609659,2500113,そしがやおおくら,13
成城学園前,35.640114,139.598958,2500114,せいじょうがくえんまえ,13
喜多見,35.636697,139.587445,2500115,きたみ,13
狛江,35.632001,139.577127,2500116,こまえ,13
和泉多摩川,35.627349,139.573695,2500117,いずみたまがわ,13
向ヶ丘遊園,35.617273,139.564719,2500119,,14
生田,35.614954,139.542024,2500120,,5
読売ランド前,35.614723,139.527903,2500121,,14
百合ヶ丘,35.60903,139.516121,2500122,,14
柿生,35.589597,139.497614,2500124,,14
鶴川,35.583077,139.481759,2500125,つるかわ,13
玉川学園前,35.563486,139.463388,2500126,たまがわがくえんまえ,13
小田急相模原,35.515134,139.422571,2500129,,14
相武台前,35.499294,139.408509,2500130,,14
座間,35.480913,139.399899,2500131,,14
本厚木,35.439338,139.364261,2500134,,14
愛甲石田,35.417634,139.344098,2500135,,14
伊勢原,35.396081,139.313768,2500136,,14
鶴巻温泉,35.381131,139.277813,2500137,,14
東海大学前,35.373151,139.271236,2500138,,14
秦野,35.370075,139.226009,2500139,,14
渋沢,35.374032,139.184405,2500140,,14
新松田,35.345082,139.139848,2500141,,14
開成,35.326532,139.135785,2500142,,14
栢山,35.310679,139.14258,2500143,,14
富水,35.296759,139.145166,2500144,,14
螢田,35.285055,139.152036,2500145,,14
足柄,35.271763,139.15447,2500146,,22
東林間,35.520541,139.438883,2500202,,14
南林間,35.495627,139.447911,2500204,,14
鶴間,35.49057,139.450572,2500205,,14
桜ヶ丘,35.450486,139.465734,2500207,,14
高座渋谷,35.432519,139.464854,2500208,,14
長後,35.41261,139.465307,2500209,,14
六会日大前,35.383761,139.470665,2500211,,14
善行,35.36285,139.473199,2500212,,14
藤沢本町,35.348188,139.476046,2500213,,14
本鵠沼,35.331129,139.475412,2500215,,14
鵠沼海岸,35.320744,139.47121,2500216,,14
片瀬江ノ島,35.309345,139.482934,2500217,,14
五月台,35.600174,139.493542,2500302,,14
栗平,35.605731,139.481298,2500303,,14
黒川,35.613203,139.470731,2500304,,37
はるひ野,35.618885,139.464534,2500305,,14
小田急永山,35.629972,139.447943,2500306,おだきゅうながやま,13
小田急多摩センター,35.624902,139.424298,2500307,おだきゅうたませんたー,13
唐木田,35.616672,139.411622,2500308,からきだ,13
代官山,35.648193,139.703284,2600102,だいかんやま,13
祐天寺,35.637163,139.690758,2600104,ゆうてんじ,13
学芸大学,35.628786,139.68522,2600105,がくげいだいがく,13
都立大学,35.617835,139.676393,2600106,とりつだいがく,13
綱島,35.536906,139.63491,2600114,,14
大倉山,35.52243,139.629808,2600115,,14
妙蓮寺,35.498779,139.633194,2600117,,14
白楽,35.489555,139.627875,2600118,,14
東白楽,35.483523,139.629364,2600119,,14
反町,35.47474,139.625337,2600120,,14
不動前,35.626526,139.71469,2600202,ふどうまえ,13
武蔵小山,35.620538,139.704524,2600203,むさしこやま,13
西小山,35.615455,139.698694,2600204,にしこやま,13
洗足,35.61043,139.694367,2600205,せんぞく,13
奥沢,35.603947,139.672355,2600207,おくさわ,13
池尻大橋,35.650603,139.684319,2600302,いけじりおおはし,13
駒沢大学,35.633471,139.661702,2600304,こまざわだいがく,13
桜新町,35.631666,139.644779,2600305,さくらしんまち,13
用賀,35.626436,139.633928,2600306,ようが,13
梶が谷,35.593963,139.605885,2600311,,14
宮崎台,35.587228,139.591313,2600312,,14
宮前平,35.584951,139.581983,2600313,,14
鷺沼,35.579762,139.573268,2600314,,14
たまプラーザ,35.577427,139.558447,2600315,,14
江田,35.558671,139.551518,2600317,,7
市が尾,35.551483,139.541496,2600318,,14
藤が丘,35.543454,139.527655,2600319,,14
青葉台,35.542855,139.517376,2600320,,14
田奈,35.536204,139.504855,2600321,,14
つくし野,35.527559,139.485139,2600323,つくしの,13
すずかけ台,35.517094,139.481684,2600324,すずかけだい,13
南町田グランベリーパーク,35.511502,139.470318,2600325,みなみまちだぐらんべりーぱーく,13
つきみ野,35.510546,139.458651,2600326,,14
下神明,35.608704,139.726256,2600402,しもしんめい,13
戸越公園,35.608856,139.718159,2600403,とごしこうえん,13
荏原町,35.60382,139.707571,2600405,えばらまち,13
北千束,35.606311,139.693303,2600407,きたせんぞく,13
緑が丘,35.60638,139.679482,2600409,みどりがおか,1
九品仏,35.60538,139.660992,2600411,くほんぶつ,13
尾山台,35.606971,139.653862,2600412,おやまだい,13
等々力,35.608369,139.647938,2600413,とどろき,13
上野毛,35.611957,139.638917,2600414,かみのげ,13
大崎広小路,35.622244,139.722339,2600502,おおさきひろこうじ,13
戸越銀座,35.615928,139.714862,2600503,とごしぎんざ,13
荏原中延,35.610056,139.712196,2600504,えばらなかのぶ,13
長原,35.60219,139.697881,2600506,ながはら,13
洗足池,35.599648,139.690896,2600507,せんぞくいけ,13
石川台,35.596888,139.685063,2600508,いしかわだい,13
雪が谷大塚,35.592038,139.681083,2600509,ゆきがやおおつか,13
御嶽山,35.585236,139.682473,2600510,おんたけさん,13
久が原,35.579499,139.685678,2600511,くがはら,13
千鳥町,35.572983,139.69142,2600512,ちどりちょう,13
池上,35.572025,139.702822,2600513,いけがみ,13
蓮沼,35.564173,139.708544,2600514,はすぬま,13
沼部,35.582526,139.67326,2600602,ぬまべ,13
鵜の木,35.575452,139.680554,2600603,うのき,13
下丸子,35.571397,139.685576,2600604,しもまるこ,13
武蔵新田,35.567806,139.692506,2600605,むさしにった,13
矢口渡,35.562462,139.700389,2600606,やぐちのわたし,13
西太子堂,35.644545,139.666382,2600702,にしたいしどう,13
若林,35.645933,139.659911,2600703,わかばやし,13
松陰神社前,35.643947,139.655211,2600704,しょういんじんじゃまえ,13
世田谷,35.643564,139.650945,2600705,せたがや,13
上町,35.643656,139.646276,2600706,かみまち,13
宮の坂,35.647508,139.64494,2600707,みやのさか,13
山下,35.653844,139.646509,2600708,やました,4
松原,35.660048,139.642,2600709,まつばら,42
恩田,35.545535,139.492127,2600802,,14
こどもの国,35.558035,139.486657,2600803,,14
新綱島,35.536639,139.636167,2600902,,14
北品川,35.622458,139.739191,2700103,きたしながわ,13
新馬場,35.61762,139.741366,2700104,しんばんば,13
青物横丁,35.609351,139.742958,2700105,あおものよこちょう,13
鮫洲,35.604977,139.742227,2700106,さめず,13
立会川,35.598489,139.738886,2700107,たちあいがわ,13
大森海岸,35.587576,139.73544,2700108,おおもりかいがん,13
平和島,35.57868,139.73491,2700109,へいわじま,13
大森町,35.572431,139.732027,2700110,おおもりまち,13
梅屋敷,35.566873,139.728266,2700111,うめやしき,13
雑色,35.549725,139.715005,2700113,ぞうしき,13
六郷土手,35.540577,139.7076,2700114,ろくごうどて,13
鶴見市場,35.517594,139.68642,2700117,,14
京急鶴見,35.507032,139.677743,2700118,,14
花月総持寺,35.500358,139.672813,2700119,,14
生麦,35.4956,139.6673,2700120,,14
京急新子安,35.487242,139.655848,2700121,,14
子安,35.484556,139.644965,2700122,,14
神奈川新町,35.481559,139.640152,2700123,,14
京急東神奈川,35.477412,139.634669,2700124,,14
神奈川,35.471304,139.627364,2700125,,14
戸部,35.456631,139.61956,2700127,,14
日ノ出町,35.445524,139.626696,2700128,,14
黄金町,35.439694,139.62246,2700129,,14
南太田,35.436923,139.613408,2700130,,14
井土ヶ谷,35.433895,139.60061,2700131,,14
屏風浦,35.394176,139.610387,2700134,,14
杉田,35.383796,139.615734,2700135,,7
京急富岡,35.366743,139.629772,2700136,,14
能見台,35.360528,139.629233,2700137,,14
金沢文庫,35.342966,139.621606,2700138,,14
追浜,35.315461,139.624905,2700140,,14
京急田浦,35.300892,139.625252,2700141,,14
安針塚,35.286641,139.64292,2700142,,14
逸見,35.28048,139.653149,2700143,,14
汐入,35.280241,139.662443,2700144,,14
横須賀中央,35.27858,139.670217,2700145,,14
県立大学,35.269731,139.677033,2700146,,14
京急大津,35.261068,139.695334,2700148,,14
馬堀海岸,35.259651,139.707328,2700149,,14
浦賀,35.250933,139.714999,2700150,,14
糀谷,35.5545,139.72962,2700202,こうじや,13
大鳥居,35.552531,139.739356,2700203,おおとりい,13
穴守稲荷,35.550326,139.746669,2700204,あなもりいなり,13
羽田空港第1・第2ターミナル,35.549809,139.785962,2700206,はねだくうこうだいいちだいにたーみなる,13
港町,35.535014,139.712578,2700302,,14
鈴木町,35.53535,139.720655,2700303,,14
川崎大師,35.535711,139.725946,2700304,,14
東門前,35.536566,139.734298,2700305,,14
大師橋,35.536611,139.740381,2700306,,14
小島新田,35.534798,139.747575,2700307,,14
六浦,35.32269,139.611532,2700402,,14
神武寺,35.306233,139.592947,2700403,,14
逗子・葉山,35.294189,139.580359,2700404,,14
新大津,35.257013,139.69016,2700502,,14
北久里浜,35.249355,139.686368,2700503,,14
京急久里浜,35.231332,139.702139,2700504,,14
ＹＲＰ野比,35.212229,139.685068,2700505,,14
京急長沢,35.20548,139.674048,2700506,,14
津久井浜,35.198419,139.665279,2700507,,14
三浦海岸,35.188084,139.653138,2700508,,14
三崎口,35.177515,139.633207,2700509,,14
田原町,35.709897,139.790897,2800102,たわらまち,13
稲荷町,35.711273,139.782593,2800103,いなりちょう,13
上野広小路,35.70768,139.772877,2800105,うえのひろこうじ,13
末広町,35.702972,139.771713,2800106,すえひろちょう,13
京橋,35.676856,139.770126,2800110,きょうばし,27
虎ノ門,35.670236,139.749832,2800113,とらのもん,13
外苑前,35.670527,139.717857,2800117,がいえんまえ,13
新大塚,35.72569,139.729971,2800202,しんおおつか,13
茗荷谷,35.716989,139.737184,2800203,みょうがだに,13
淡路町,35.6953595,139.7675149,2800207,あわじちょう,13
四谷三丁目,35.687958,139.720103,2800215,よつやさんちょうめ,13
新宿御苑前,35.688588,139.71069,2800216,しんじゅくぎょえんまえ,13
西新宿,35.694298,139.692778,2800219,にししんじゅく,13
新中野,35.697491,139.66903,2800221,しんなかの,13
東高円寺,35.697802,139.657822,2800222,ひがしこうえんじ,13
新高円寺,35.697985,139.648068,2800223,しんこうえんじ,13
南阿佐ヶ谷,35.699624,139.63576,2800224,みなみあさがや,13
中野新橋,35.692123,139.673997,2800226,なかのしんばし,13
中野富士見町,35.690514,139.666933,2800227,なかのふじみちょう,13
方南町,35.683496,139.656498,2800228,ほうなんちょう,13
三ノ輪,35.729623,139.791485,2800303,みのわ,13
仲御徒町,35.706649,139.776138,2800306,なかおかちまち,13
小伝馬町,35.690737,139.778433,2800308,こでんまちょう,13
築地,35.668115,139.772603,2800312,つきじ,13
虎ノ門ヒルズ,35.667444,139.747778,2800322,とらのもんひるず,13
神谷町,35.662978,139.745069,2800317,かみやちょう,13
広尾,35.652279,139.722202,2800319,ひろお,13
落合,35.710976,139.687284,2800402,おちあい,1
神楽坂,35.70379,139.734546,2800405,かぐらざか,13
竹橋,35.690662,139.756817,2800408,たけばし,13
木場,35.669351,139.807042,2800413,きば,13
東陽町,35.669629,139.817596,2800414,とうようちょう,13
南砂町,35.668796,139.83065,2800415,みなみすなまち,13
西葛西,35.664631,139.859259,2800416,にしかさい,13
葛西,35.663554,139.872458,2800417,かさい,13
浦安,35.665932,139.893193,2800418,,31
南行徳,35.672687,139.902311,2800419,,12
行徳,35.682686,139.914254,2800420,,12
妙典,35.690935,139.924209,2800421,,12
原木中山,35.703517,139.942029,2800422,,12
北綾瀬,35.777117,139.832035,2800501,きたあやせ,13
千駄木,35.725549,139.763243,2800506,せんだぎ,13
根津,35.7174,139.765655,2800507,ねづ,13
湯島,35.708243,139.769916,2800508,ゆしま,13
新御茶ノ水,35.698072,139.766014,2800509,しんおちゃのみず,13
二重橋前,35.681071,139.761948,2800511,にじゅうばしまえ,13
乃木坂,35.666572,139.726215,2800516,のぎざか,13
代々木公園,35.669187,139.689099,2800519,よよぎこうえん,13
東池袋,35.725732,139.719546,2800610,ひがしいけぶくろ,13
護国寺,35.719044,139.72754,2800611,ごこくじ,13
江戸川橋,35.709495,139.733538,2800612,えどがわばし,13
麹町,35.684006,139.737613,2800615,こうじまち,13
桜田門,35.677405,139.75149,2800617,さくらだもん,13
銀座一丁目,35.67435,139.767045,2800619,ぎんざいっちょうめ,13
新富町,35.670462,139.773711,2800620,しんとみちょう,13
辰巳,35.645576,139.81052,2800623,たつみ,13
半蔵門,35.685703,139.74163,2800805,はんぞうもん,13
水天宮前,35.682683,139.785377,2800810,すいてんぐうまえ,13
志茂,35.777948,139.732599,2800902,しも,13
王子神谷,35.765172,139.735933,2800903,おうじかみや,13
西ヶ原,35.746008,139.742322,2800905,にしがはら,13
本駒込,35.724155,139.753828,2800907,ほんこまごめ,13
東大前,35.717633,139.758025,2800908,とうだいまえ,13
六本木一丁目,35.665595,139.739,2800915,ろっぽんぎいっちょうめ,13
雑司が谷,35.720233,139.714795,2801010,ぞうしがや,13
西早稲田,35.708242,139.709101,2801011,にしわせだ,13
北参道,35.678459,139.705453,2801014,きたさんどう,13
平沼橋,35.460355,139.616897,2900102,,14
西横浜,35.453437,139.608745,2900103,,14
天王町,35.453984,139.602554,2900104,,14
星川,35.458634,139.594816,2900105,,14
和田町,35.463597,139.586786,2900106,,14
上星川,35.467694,139.580078,2900107,,14
南万騎が原,35.452522,139.526344,2900202,,14
緑園都市,35.439502,139.521841,2900203,,14
弥生台,35.429933,139.506615,2900204,,14
いずみ野,35.429434,139.495135,2900205,,14
いずみ中央,35.415385,139.48727,2900206,,14
ゆめが丘,35.405436,139.482192,2900207,,14
都庁前,35.690551,139.69257,9930101,とちょうまえ,13
新宿西口,35.693315,139.699155,9930102,しんじゅくにしぐち,13
若松河田,35.699218,139.718184,9930104,わかまつかわだ,13
牛込柳町,35.699518,139.725027,9930105,うしごめやなぎちょう,13
牛込神楽坂,35.700851,139.735802,9930106,うしごめかぐらざか,13
上野御徒町,35.707893,139.774332,9930110,うえのおかちまち,13
勝どき,35.658507,139.776442,9930118,かちどき,13
築地市場,35.664895,139.766915,9930119,つきじしじょう,13
赤羽橋,35.655007,139.743642,9930122,あかばねばし,13
国立競技場,35.679831,139.714932,9930126,こくりつきょうぎじょう,13
西新宿五丁目,35.689798,139.684304,9930129,にししんじゅくごちょうめ,13
落合南長崎,35.723608,139.683303,9930133,おちあいみなみながさき,13
新江古田,35.732538,139.670653,9930134,しんえごた,13
練馬春日町,35.751452,139.640236,9930137,ねりまかすがちょう,13
光が丘,35.758526,139.628603,9930138,ひかりがおか,13
西馬込,35.586859,139.705942,9930201,にしまごめ,13
馬込,35.596435,139.711772,9930202,まごめ,13
戸越,35.614633,139.716495,9930204,とごし,13
高輪台,35.631679,139.730305,9930206,たかなわだい,13
宝町,35.675461,139.771767,9930212,たからちょう,13
東日本橋,35.692126,139.784821,9930215,ひがしにほんばし,13
本所吾妻橋,35.70858,139.804624,9930219,ほんじょあづまばし,13
芝公園,35.654074,139.749824,9930305,しばこうえん,13
御成門,35.661215,139.751535,9930306,おなりもん,13
内幸町,35.66975,139.75561,9930307,うちさいわいちょう,13
白山,35.721408,139.752136,9930313,はくさん,15
千石,35.727957,139.744792,9930314,せんごく,13
西巣鴨,35.743508,139.728712,9930316,にしすがも,13
新板橋,35.748785,139.720101,9930317,しんいたばし,13
板橋区役所前,35.751284,139.710102,9930318,いたばしくやくしょまえ,13
板橋本町,35.761339,139.705535,9930319,いたばしほんちょう,13
本蓮沼,35.768782,139.702324,9930320,もとはすぬま,13
志村坂上,35.775725,139.69538,9930321,しむらさかうえ,13
志村三丁目,35.777391,139.685937,9930322,しむらさんちょうめ,13
蓮根,35.784335,139.678993,9930323,はすね,13
西台,35.78699,139.673971,9930324,にしだい,13
高島平,35.789056,139.661216,9930325,たかしまだいら,13
新高島平,35.790189,139.654275,9930326,しんたかしまだいら,13
西高島平,35.791833,139.64594,9930327,にしたかしまだいら,13
曙橋,35.692402,139.722881,9930403,あけぼのばし,13
市ヶ谷,35.691000,139.735583,1131315,いちがや,13
岩本町,35.695534,139.775866,9930408,いわもとちょう,13
馬喰横山,35.69212,139.782768,9930409,ばくろよこやま,13
浜町,35.688516,139.788154,9930410,はまちょう,13
菊川,35.688379,139.806016,9930412,きくかわ,22
西大島,35.689349,139.826206,9930414,にしおおじま,13
大島,35.689905,139.83565,9930415,おおじま,13
東大島,35.690355,139.845963,9930416,ひがしおおじま,13
船堀,35.683795,139.864258,9930417,ふなぼり,13
一之江,35.686055,139.882934,9930418,いちのえ,13
瑞江,35.693318,139.89761,9930419,みずえ,13
篠崎,35.706017,139.903698,9930420,しのざき,13
三ノ輪橋,35.732248,139.791412,9930501,みのわばし,13
荒川一中前,35.733659,139.788988,9930502,あらかわいっちゅうまえ,13
荒川区役所前,35.73493,139.786456,9930503,あらかわくやくしょまえ,13
荒川二丁目,35.738623,139.784696,9930504,あらかわにちょうめ,13
荒川七丁目,35.741975,139.78417,9930505,あらかわななちょうめ,13
町屋駅前,35.74275,139.781145,9930506,まちやえきまえ,13
町屋二丁目,35.743837,139.776625,9930507,まちやにちょうめ,13
東尾久三丁目,35.745398,139.774386,9930508,ひがしおぐさんちょうめ,13
宮ノ前,35.750135,139.764955,9930510,みやのまえ,13
小台,35.750579,139.761779,9930511,おだい,13
荒川遊園地前,35.750744,139.757767,9930512,あらかわゆうえんちまえ,13
荒川車庫前,35.750909,139.752617,9930513,あらかわしゃこまえ,13
梶原,35.751162,139.747403,9930514,かじわら,13
王子駅前,35.752722,139.738278,9930516,おうじえきまえ,13
飛鳥山,35.750248,139.737382,9930517,あすかやま,13
滝野川一丁目,35.747374,139.735376,9930518,たきのがわいっちょうめ,13
西ヶ原四丁目,35.744501,139.732779,9930519,にしがはらよんちょうめ,13
新庚申塚,35.741348,139.730451,9930520,しんこうしんづか,13
庚申塚,35.739563,139.729743,9930521,こうしんづか,13
巣鴨新田,35.735488,139.727769,9930522,すがもしんでん,13
大塚駅前,35.731583,139.729333,9930523,おおつかえきまえ,13
向原,35.728938,139.724894,9930524,むこうはら,34
東池袋四丁目,35.72528,139.720012,9930525,ひがしいけぶくろよんちょうめ,13
都電雑司ヶ谷,35.724261,139.718006,9930526,とでんぞうしがや,13
鬼子母神前,35.720333,139.715,9930527,きしぼじんまえ,13
学習院下,35.716248,139.71247,9930528,がくしゅういんした,13
面影橋,35.712981,139.714444,9930529,おもかげばし,13
西羽生,36.17635,139.523986,9930602,,11
新郷,36.171317,139.510474,9930603,,33
武州荒木,36.162614,139.488569,9930604,,11
東行田,36.147265,139.468394,9930605,,11
行田市,36.143759,139.458851,9930606,,11
持田,36.137615,139.44155,9930607,,11
ソシオ流通センター,36.1365,139.424333,9930636,,11
上熊谷,36.142657,139.38134,9930609,,11
石原,36.147612,139.368901,9930610,,26
ひろせ野鳥の森,36.146242,139.352086,9930611,,11
大麻生,36.144612,139.331859,9930612,,11
明戸,36.142958,139.303306,9930613,,11
武川,36.142197,139.281714,9930614,,11
ふかや花園,36.132056,139.251472,9930637,,11
小前田,36.12895,139.222386,9930616,,11
桜沢,36.128672,139.206981,9930617,,11
波久礼,36.126728,139.158078,9930619,,11
樋口,36.131076,139.122226,9930620,,11
野上,36.11157,139.110865,9930621,,11
長瀞,36.095462,139.112346,9930622,,11
上長瀞,36.086169,139.11319,9930623,,11
親鼻,36.077539,139.106103,9930624,,11
皆野,36.068682,139.093947,9930625,,11
和銅黒谷,36.046671,139.101666,9930626,,11
大野原,36.018586,139.094071,9930627,,11
秩父,35.99883,139.086044,9930628,,11
御花畑,35.992369,139.083614,9930629,,11
影森,35.972015,139.068413,9930630,,11
浦山口,35.963922,139.058134,9930631,,11
武州中川,35.958347,139.035439,9930632,,11
武州日野,35.953867,139.021888,9930633,,11
白久,35.95895,138.993263,9930634,,11
三峰口,35.960075,138.978706,9930635,,11
川口元郷,35.800187,139.730043,9930702,,11
南鳩ヶ谷,35.816839,139.736059,9930703,,11
鳩ヶ谷,35.830859,139.735967,9930704,,11
新井宿,35.842974,139.737908,9930705,,11
戸塚安行,35.858873,139.753689,9930706,,11
浦和美園,35.893677,139.72779,9930708,,11
西大原,35.260407,140.378029,9930802,,12
上総東,35.263313,140.344974,9930803,,12
新田野,35.276408,140.328081,9930804,,12
国吉,35.280497,140.314046,9930805,,12
上総中川,35.282763,140.280636,9930806,,12
城見ヶ丘,35.291741,140.252693,9930814,,12
大多喜,35.286466,140.243833,9930807,,12
小谷松,35.268938,140.251142,9930808,,12
東総元,35.259314,140.247381,9930809,,12
久我原,35.250265,140.247718,9930810,,12
総元,35.240588,140.240413,9930811,,12
西畑,35.25051,140.215176,9930812,,12
青井,35.771782,139.82038,9930906,あおい,13
六町,35.784963,139.821816,9930907,ろくちょう,13
八潮,35.807905,139.845017,9930908,,11
三郷中央,35.824514,139.878344,9930909,,11
流山セントラルパーク,35.854552,139.915223,9930911,,12
柏の葉キャンパス,35.89308,139.952454,9930913,,12
柏たなか,35.9109,139.957533,9930914,,12
新高島,35.46192,139.626499,9931002,,14
みなとみらい,35.458028,139.632386,9931003,,14
馬車道,35.450135,139.636175,9931004,,14
日本大通り,35.446821,139.642608,9931005,,14
元町・中華街,35.44243,139.650446,9931006,,14
竹芝,35.654099,139.762037,9931103,たけしば,13
日の出,35.649136,139.75906,9931104,ひので,13
芝浦ふ頭,35.641773,139.757852,9931105,しばうらふとう,13
お台場海浜公園,35.629813,139.778607,9931106,おだいばかいひんこうえん,13
台場,35.625908,139.771435,9931107,だいば,13
東京国際クルーズターミナル,35.621462,139.773157,9931108,とうきょうこくさいくるーずたーみなる,13
テレコムセンター,35.617593,139.779327,9931109,てれこむせんたー,13
青海,35.62467,139.781132,9931110,あおみ,13
東京ビッグサイト,35.630158,139.791228,9931111,とうきょうびっぐさいと,13
有明,35.634596,139.793269,9931112,ありあけ,20
有明テニスの森,35.639964,139.78888,9931113,ありあけてにすのもり,13
市場前,35.645684,139.78564,9931114,しじょうまえ,13
新豊洲,35.648718,139.789996,9931115,しんとよす,13
地区センター,35.726225,140.155041,9931302,,12
公園,35.730758,140.153755,9931303,,12
女子大,35.738357,140.155054,9931304,,12
中学校,35.740123,140.14841,9931305,,12
井野,35.732605,140.148497,9931306,,10
緑町,35.259226,139.158578,9931402,,14
井細田,35.268964,139.157397,9931403,,14
五百羅漢,35.27519,139.155758,9931404,,14
穴部,35.279887,139.148787,9931405,,14
飯田岡,35.287913,139.139109,9931406,,14
相模沼田,35.292334,139.133945,9931407,,14
岩原,35.298825,139.12879,9931408,,14
塚原,35.301305,139.126632,9931409,,14
和田河原,35.31585,139.118684,9931410,,14
富士フイルム前,35.317657,139.109483,9931411,,14
大雄山,35.319046,139.10365,9931412,,14
中川,35.562973,139.569846,9931602,,6
仲町台,35.535258,139.589715,9931605,,14
新羽,35.527701,139.612065,9931606,,14
北新横浜,35.519271,139.612818,9931607,,14
岸根公園,35.496038,139.617065,9931609,,14
片倉町,35.490205,139.606511,9931610,,14
三ツ沢上町,35.476526,139.605395,9931611,,14
三ツ沢下町,35.476512,139.61481,9931612,,14
高島町,35.458804,139.623548,9931614,,14
伊勢佐木長者町,35.441044,139.633176,9931617,,14
阪東橋,35.437434,139.624843,9931618,,14
吉野町,35.435489,139.618455,9931619,,14
蒔田,35.429935,139.610123,9931620,,14
港南中央,35.401049,139.590958,9931623,,14
上永谷,35.401391,139.572713,9931624,,14
下永谷,35.402677,139.559389,9931625,,14
舞岡,35.402685,139.551509,9931626,,14
踊場,35.405922,139.518058,9931628,,14
中田,35.411161,139.511301,9931629,,2
立場,35.414296,139.500177,9931630,,14
下飯田,35.403503,139.483195,9931631,,14
南部市場,35.380192,139.633163,9931702,,14
鳥浜,35.377187,139.641704,9931703,,14
並木北,35.372015,139.642743,9931704,,14
並木中央,35.365505,139.642945,9931705,,14
幸浦,35.358406,139.643706,9931706,,14
産業振興センター,35.35339,139.646326,9931707,,14
福浦,35.349627,139.648517,9931708,,14
市大医学部,35.343966,139.650156,9931709,,14
八景島,35.340914,139.64079,9931710,,14
海の公園柴口,35.342086,139.635846,9931711,,14
海の公園南口,35.337225,139.632096,9931712,,14
野島公園,35.330559,139.631524,9931713,,14
石上,35.332482,139.485572,9932002,,14
柳小路,35.327352,139.485189,9932003,,14
鵠沼,35.321447,139.482637,9932004,,14
湘南海岸公園,35.315203,139.4833,9932005,,14
江ノ島,35.311003,139.487581,9932006,,14
腰越,35.308287,139.493286,9932007,,14
鎌倉高校前,35.306698,139.500535,9932008,,14
七里ヶ浜,35.306243,139.510101,9932009,,14
稲村ヶ崎,35.30426,139.522322,9932010,,14
極楽寺,35.309318,139.528721,9932011,,14
長谷,35.311265,139.536168,9932012,,28
由比ヶ浜,35.312857,139.54157,9932013,,14
和田塚,35.31372,139.545362,9932014,,14
鉄道博物館,35.920271,139.617796,9932102,,11
加茂宮,35.93568,139.616688,9932103,,11
東宮原,35.94262,139.618054,9932104,,11
今羽,35.949941,139.619443,9932105,,11
吉野原,35.957065,139.620862,9932106,,11
原市,35.964072,139.622531,9932107,,11
沼南,35.971165,139.623481,9932108,,11
丸山,35.97989,139.624711,9932109,,24
志久,35.991099,139.62228,9932110,,11
伊奈中央,35.999537,139.617094,9932111,,11
羽貫,36.007311,139.608608,9932112,,11
内宿,36.014163,139.599878,9932113,,11
芝山千代田,35.754248,140.399215,9932402,,12
上総村上,35.496171,140.100355,9932502,,12
海士有木,35.481729,140.124264,9932503,,12
上総三又,35.46592,140.12672,9932504,,12
上総山田,35.454105,140.126128,9932505,,12
光風台,35.439662,140.114174,9932506,,12
馬立,35.423795,140.114719,9932507,,12
上総牛久,35.400213,140.142255,9932508,,12
上総川間,35.388047,140.150968,9932509,,12
上総鶴舞,35.381346,140.165006,9932510,,12
上総久保,35.367481,140.154438,9932511,,12
高滝,35.353074,140.150246,9932512,,12
里見,35.336685,140.145505,9932513,,12
飯給,35.320512,140.142358,9932514,,12
月崎,35.302203,140.139394,9932515,,12
上総大久保,35.283367,140.145924,9932516,,12
養老渓谷,35.266409,140.159382,9932517,,12
富士見町,35.345389,139.529277,9932602,,31
湘南町屋,35.337832,139.522666,9932603,,14
湘南深沢,35.332865,139.518903,9932604,,14
西鎌倉,35.319383,139.504365,9932605,,14
片瀬山,35.317256,139.496052,9932606,,14
目白山下,35.31402,139.491533,9932607,,14
湘南江の島,35.311867,139.487794,9932608,,14
新津田沼,35.690184,140.023745,9932902,,12
前原,35.700666,140.027542,9932903,,12
薬園台,35.710271,140.037599,9932904,,12
習志野,35.715293,140.042787,9932905,,12
高根木戸,35.726625,140.034923,9932907,,12
高根公団,35.730436,140.029382,9932908,,12
滝不動,35.737957,140.02622,9932909,,12
三咲,35.749217,140.028514,9932910,,12
二和向台,35.753825,140.023731,9932911,,12
鎌ヶ谷大仏,35.757827,140.013823,9932912,,12
初富,35.771992,140.000493,9932913,,12
北初富,35.776692,139.989811,9932915,,12
くぬぎ山,35.782343,139.975707,9932916,,12
元山,35.790229,139.975831,9932917,,12
五香,35.797281,139.965796,9932918,,12
常盤平,35.803191,139.949522,9932919,,12
八柱,35.791394,139.937362,9932920,,12
みのり台,35.789346,139.929466,9932921,,12
松戸新田,35.790652,139.922833,9932922,,12
上本郷,35.789524,139.916031,9932923,,12
葭川公園,35.608551,140.120142,9933105,,12
県庁前,35.603958,140.12222,9933106,,12
千葉公園,35.619774,140.117944,9933202,,12
作草部,35.625806,140.115314,9933203,,12
天台,35.631447,140.112902,9933204,,12
穴川,35.639645,140.111849,9933205,,24
スポーツセンター,35.643164,140.11611,9933206,,12
動物公園,35.642585,140.125437,9933207,,12
みつわ台,35.6387,140.134873,9933208,,12
桜木,35.631308,140.160935,9933210,,12
小倉台,35.627755,140.171873,9933211,,12
千城台北,35.627436,140.181972,9933212,,12
千城台,35.622314,140.18856,9933213,,12
幸谷,35.826642,139.919912,9933302,,12
小金城趾,35.83601,139.916887,9933303,,12
鰭ヶ崎,35.840948,139.911121,9933304,,12
流山,35.855771,139.901766,9933306,,12
多摩センター,35.623724,139.422782,9933401,たませんたー,13
松が谷,35.63169,139.422201,9933402,まつがや,13
大塚・帝京大学,35.636878,139.416461,9933403,おおつかていきょうだいがく,13
中央大学・明星大学,35.64197,139.408672,9933404,ちゅうおうだいがくめいせいだいがく,13
程久保,35.655093,139.410698,9933406,ほどくぼ,13
万願寺,35.671249,139.420079,9933408,まんがんじ,13
甲州街道,35.678262,139.409191,9933409,こうしゅうかいどう,13
柴崎体育館,35.689475,139.409191,9933410,しばさきたいいくかん,13
立川南,35.696077,139.412546,9933411,たちかわみなみ,13
立川北,35.699502,139.41254,9933412,たちかわきた,13
高松,35.710158,139.413242,9933413,たかまつ,17
立飛,35.714717,139.417387,9933414,たちひ,13
泉体育館,35.718775,139.419525,9933415,いずみたいいくかん,13
砂川七番,35.723319,139.418097,9933416,すながわななばん,13
桜街道,35.739,139.416653,9933418,さくらかいどう,13
上北台,35.745824,139.415822,9933419,かみきただい,13
仲ノ町,35.728813,140.833871,9933502,,12
観音,35.728952,140.840112,9933503,,12
本銚子,35.731055,140.847844,9933504,,12
笠上黒生,35.728427,140.856893,9933505,,12
西海鹿島,35.725131,140.860207,9933506,,12
海鹿島,35.722089,140.863096,9933507,,12
君ヶ浜,35.714093,140.860527,9933508,,12
犬吠,35.706258,140.860935,9933509,,12
外川,35.699314,140.857322,9933510,,12
大井競馬場前,35.595006,139.74708,9933603,おおいけいばじょうまえ,13
流通センター,35.58186,139.748964,9933604,りゅうつうせんたー,13
昭和島,35.570656,139.749918,9933605,しょうわじま,13
整備場,35.555125,139.753366,9933606,せいびじょう,13
新整備場,35.542773,139.786777,9933608,しんせいびじょう,13
羽田空港第1ターミナル,35.549163,139.784653,9933609,はねだくうこうだいいちたーみなる,13
羽田空港第2ターミナル,35.550734,139.787979,9933610,はねだくうこうだいにたーみなる,13
東雲,35.640987,139.804395,9933702,しののめ,1
国際展示場,35.63441,139.791617,9933703,こくさいてんじじょう,13
東京テレポート,35.62753,139.778896,9933704,とうきょうてれぽーと,13
品川シーサイド,35.608524,139.749549,9933706,しながわしーさいど,13
東海神,35.705888,139.980343,9933802,,12
飯山満,35.71407,140.0223,9933803,,12
船橋日大前,35.726931,140.058962,9933805,,12
八千代緑が丘,35.728884,140.073461,9933806,,12
八千代中央,35.727807,140.103713,9933807,,12
村上,35.72371,140.118375,9933808,,15
東葉勝田台,35.715458,140.126075,9933809,,12
箱根板橋,35.245169,139.145169,9933902,,14
風祭,35.246229,139.129104,9933903,,14
入生田,35.240894,139.121244,9933904,,14
箱根湯本,35.233555,139.103743,9933905,,14
塔ノ沢,35.234521,139.094016,9933906,,14
大平台,35.238664,139.073849,9933907,,14
宮ノ下,35.241913,139.063052,9933908,,14
小涌谷,35.240374,139.053162,9933909,,14
彫刻の森,35.246529,139.050856,9933910,,14
新柴又,35.75101,139.879376,9934002,しんしばまた,13
矢切,35.757503,139.899742,9934003,,12
北国分,35.762916,139.914252,9934004,,12
秋山,35.765299,139.930723,9934005,,12
松飛台,35.775377,139.957739,9934007,,12
大町,35.775103,139.973567,9934008,,34
西白井,35.784364,140.031545,9934010,,12
白井,35.784723,140.0541,9934011,,12
小室,35.787004,140.076073,9934012,,12
印西牧の原,35.803608,140.166911,9934014,,12
赤土小学校前,35.742454,139.768989,9934203,あかどしょうがっこうまえ,13
足立小台,35.754658,139.770381,9934205,あだちおだい,13
扇大橋,35.763897,139.770808,9934206,おうぎおおはし,13
高野,35.768359,139.770679,9934207,こうや,33
江北,35.774021,139.770306,9934208,こうほく,41
西新井大師西,35.781505,139.770094,9934209,にしあらいだいしにし,13
谷在家,35.788774,139.770043,9934210,やざいけ,13
舎人公園,35.79623,139.770183,9934211,とねりこうえん,13
舎人,35.8057,139.770108,9934212,とねり,13
見沼代親水公園,35.814544,139.770719,9934213,みぬまだいしんすいこうえん,13
川和町,35.52802,139.548745,9934302,,14
都筑ふれあいの丘,35.536583,139.561359,9934303,,14
北山田,35.561077,139.592258,9934306,,44
東山田,35.554302,139.604369,9934307,,14
高田,35.549713,139.619944,9934308,,29
日吉本町,35.549883,139.633554,9934309,,14
公園下,35.249944,139.045639,9934402,,14
公園上,35.249083,139.043167,9934403,,14
中強羅,35.248167,139.040556,9934404,,14
上強羅,35.247306,139.038056,9934405,,14
早雲山,35.246444,139.035611,9934406,,14
上大月,35.609341,138.938128,9940102,,19
田野倉,35.593456,138.931271,9940103,,19
禾生,35.575175,138.929191,9940104,,19
都留市,35.557199,138.907525,9940106,,19
谷村町,35.550744,138.904631,9940107,,19
都留文科大学前,35.542531,138.896438,9940108,,19
東桂,35.536334,138.870758,9940110,,19
三つ峠,35.524291,138.84555,9940111,,19
寿,35.508442,138.82558,9940112,,19
葭池温泉前,35.502084,138.812212,9940113,,19
下吉田,35.497909,138.80366,9940114,,19
月江寺,35.493313,138.798105,9940115,,19
富士山,35.483536,138.795686,9940116,,19
富士急ハイランド,35.488974,138.782048,9940117,,19
河口湖,35.498231,138.768852,9940118,,19
